contract,numTransactions
0xD0d3C62BEFcDb84C01Be1c209f15a8bf571900cE,26751
0x65b09b12bF46f364F68F5bFF0bfC5d8b54368971,24516
0x99b5637633352baDDBB6cEE9B7D65e84935623Dc,22602
0x84E5Bc3dF0df0f543648f250443c6f4077218312,15144
0xfB7316Fb56FD2a8fDb925321b8f616eEF106Db33,6888
0x86f0d31D7b721F42B67a57583bA0c4822F7a17E9,5823
0x0b1413E95202570287F490F6CAe04F60Ec1018BE,5545
0x8F4014909519A1Cd4226CD306e5e111238e611b1,5069
0x3dB30FaDa51069769147a40d30efA202c1404F30,4260
0xCCa962686A92721e2A0AB9fd50c7335d7694a12E,3999
0x34e5539123cd6589e6EC90Df85796F0c28e2a12D,3282
0x00000000008ACE292e5C274BE46D30116fAb4ee2,2987
0x9e6314933f53aA5D0379f8150d9d0310Cff1491f,2538
0x853bfD0160d67DF13a9F70409f9038f6473585Bd,2520
0x874cA6e00939B79b1Bb8B5b3a331E087953DCA47,2265
0xfDd81AD16b45F178c3b56c54fec3E44FFDd96690,2036
0x7C2Cd76b6c3a3C50Ab730C6719C1C9a5eB537664,1830
0x194E5ae3D4B8b3134ACABE0cec08842acEeeee96,1783
0x44D2a93948B70DC0568020AaD2efc6FE7d146404,1760
0xE3D450F1C50757fFB2b5ddE03A1A0d7Bc32F0153,1668
0x89aAC1F5cCDd54dd8A09e5c858F19a665E4fA32b,1462
0x4CFf3E9409bEB4f824abB6F787C2A4d63C688d69,1105
0xfb4166F75C187E3dE9b117406b9b08DF3BF5bCD8,1068
0x96bF6c072fE2B9582180894b9c06073dF1060bf5,1050
0x6496618f2979299A1288f05EB9719aF0B0d1851d,943
0xa81cE04168e41A47F68a975d67a00fbeF729af9B,721
0xcc96F1187682738eFa63E0fd051AbbB2dBF87FAe,644
0x9De17C32d50508C8d120aE548131dD090Fedb4c5,639
0x72A53cDBBcc1b9efa39c834A540550e23463AAcB,639
0x60BcF95197F2BD01D8f19824Eee88eE84B44B2AF,628
0x5AA3b40B904A109e240dEBbf402c74da532F3382,548
0x24bACeE5ba8Dc1a0F6f719884044363dbabB30b7,535
0x8b6cDC30d1bb419169d38073Fe5E1f28019bB291,405
0x01883FE5bf3470D931D8f7fD44a9e5F33E41194F,367
0x46e8473F7Bd7Bc9b9905eA29c694029683AFcE89,361
0xe7ca1E47c3902C8d33D3c07F68A4115f3C341269,351
0xFf3b32a20A60837fBD06f9f625356b3BB6b301Dc,345
0x36CE9c01ea9AAe8A75ded6114C9B23393044135E,338
0x27C4825580052b69d899119233C8F4EfB0Cb6Ec0,333
0xc77593eF5A16D53C6E9F22355B6Be2e976017eD2,302
0xD50D167DD35D256e19E2FB76d6b9Bf9F4c571A3E,288
0x804CE29Aae93007D5c3A83A446f5eaa2DDd5Cf28,287
0xd60B95f4b73a2FF115D5f9efE6d207493cb1cE3b,284
0x7228Cc6599676DBF447430833773A9233aA95c88,281
0x9C894c213153693c10894882b2D1B43D5604EaC2,279
0xD1757D7C8F42cd3185E41E9361a0bB38c0fcBcea,273
0xd27CB163F5d253c5750b38ebDFeeb9Ca198622F7,255
0x9F79Fa2c332040099a8A1E679b82baA5e24581F2,250
0x380bCF92513C2887f6d293fC97A70Ad977205BC5,237
0x9d9571d55c3C54Cc796F780cF029c129FCFDFD18,234
0xCb4f19335B108Cf279c7C46BFa7907794680Ed23,208
0xEf48BF420cb6AF458221A27004061736B19c5C6f,194
0xD6B4A9db2EAdd02e76E37Bdcf5Bc8C13242c7954,191
0xc5C7A70fc74EceF6420a21379b661be29cF378f7,179
0x1a1ec25DC08e98e5E93F1104B5e5cdD298707d31,179
0xaa2BD5869229a970D097464a4b80b1689e513c05,172
0x18214e5691A116995a5b6F6A8a4029BC7574C47A,169
0x70831901D9D000515491231fB43be1Bc0E549eE0,168
0xdAE326778Dcd31249dA66527749d04Ce0f63b508,162
0x8eD42bEd5611Da447a6bC499312Dd3195bAc6C91,161
0x4950136ED623326556662B9AB8B23b2520B874CA,158
0x608B0CE2C518347A740d76644B9F5cC586dEA721,157
0x8Df23f638Bb40B2c62C49dD7b7Ca46723500C485,156
0x33a28D7A0C94599eDb670FCCe5dfa9D4c072314e,153
0x38959E85F5A1B372a8B2bcfb41df822A354179dC,149
0xcE34375E4e731F1F2eCb7533b8926b4Fc6A36951,146
0xa745005a2764cCbFEB1a8c6fCa178F896aF5d777,136
0xc1b4eb1fe54bEfE3d24ABe710fbe09EF82537e2f,131
0x7C00D7b0fEAeBd9cEF86875925EA200cAb83eed8,103
0xc899aB716F2a04241D60C751141C455745DDeF8B,102
0x73D144dAAce606d3E6BA266f16024F58F750e8c5,97
0xd268d00EF0d46d196501498478bAb6E4D982B1AD,92
0x897A6bBeE1F08Fd5cA3E698DB6645BCF2c85b936,91
0x87189e1Be03F159C162463f7846a1FbeC0bc11A9,90
0x094dc03c71A02672c95fF346ee103B78d8Ab6E4F,88
0xAd42A5cDB6cCea1Ed92571974280a4B3D66B86AD,86
0x44306D89387b2Fa2C2F8b063E66b33959d51Ea42,86
0x88b20F1462b1Ced77e8C867bA8a2E6060fD0D5Cb,85
0xcc99954275e155aB5237E27b509a901B8Ecf6bb1,80
0x56BCF9F957A26d614e040ebF7321aA7AAbAC692e,79
0x504Df711c06b406629A78Dce63fb507C95c6D8F6,77
0x15E1E50C1Bf0947E342895BFa3D66d4E4161B88f,76
0xC112ca1dF91fE2eB3d3663EEd24129180347aF0A,76
0xdeb1F826c512EEE2FA9398225A3401A0Dd5311E2,74
0x34DE7FA06Ad0B7C9de0514FC0CaDE2476db2C6E0,73
0x882d04C3D8410dDF2061B3cBA2c3522854316FEB,72
0x5205c6ae35e5fceF0788D269DC97B12D39e689bD,72
0xFB8edC880358260449D33208A4e8c65B319ADb9b,71
0xa8F53ab772dd9906b06c74889e9b996BF18E3F86,71
0xE35F0C92d65f06e3c0a63Baea8212AE38882CCA7,71
0x1890879C6D9f906D5240227b2C2ce9554865FD0a,71
0xd0ebf828D619C3542AfC118fB694383AE012180e,69
0xBaF13c00BdBc3a752715E3a8B7684896871Ae7B4,68
0xa4399d9e52135ba39AC219Ec3c328f90af270EF4,67
0x67BFFd5331b684f952F2799FB7a60A16da6C8f30,66
0xDc9fA56010d125D775F5963D24eD7f1eC4AC6DDD,66
0x92f0fB6a6Ebcd7c32123288144C7B8C7fbF86021,64
0xbA863086C93fb97Ae74225931995b1206B7Fde60,64
0xE69a8e4dF9bEc4E76259704B748f5DE074516a70,63
0xCB159ec438d15C9beC8D0e751D870ECd9167B7b7,62
0xE403B6094d913172f67224490bF9CbecB07E9914,62
0x7D9c6e2Be54299e6B8C5B256B5d5D458e585b913,62
0x6C7B97c7e09E790D161769a52F155125FAc6d5A1,61
0x820ef56b0817edf37353bd5E8BeD25f35B310cb3,60
0xF6aB3535f6bcD0403919276f3731dFf200Caf0b8,58
0x426960D43B5f4C70F5593244b8a8B0cC69F8b9e1,58
0xE9aaf8F7E0606B617E4537801a76b36adff0FcD9,57
0xb7c562e33956519255956D73FFe47e4c0aF10636,56
0x1Be9b835f34B6D01Ad1AB8BEB5e40A9c4f160D82,55
0xc90762321CE175843A245E4ffA8830DfDB97b270,54
0x6761E5bB960A7B4D327f97CF0d83E25139AcD41a,53
0xa153e789D45fc5be2986917a33E298437f52899C,52
0x21126ac61093260d2f2Ff826395885DCDE37ffA2,50
0x226004a7C4CCe2f8649EfB936b32782a6B9665Af,49
0x5268ba85BEADa5891203Aa7f836269741127E31D,49
0xa9B7Fe829870Dcf13Dd363a6a7FD325E30A8179f,48
0x617387cA46925513086373f5C8d0E10803d0F504,47
0x8F3117Aed4286b9035E4d9d43E46F101D95dCf3d,47
0xb2AebBD0DcD008A1f1bDb2aA48C44F32DcADd1Ed,43
0x95bcca2C5Cc322e4B6A2d9Cd8096cf74B876D4b5,43
0x173b31371f4a99F54DE23b6FA4694c53330C5CE3,42
0x9a7e2410cB4d7910036eeeeEdAD1dF885104179e,42
0x353B7a9c1AeDaD804D0c32dAF2373C82bff2BB55,42
0xEE80948567c2bDDeB5c99C596f4388b070BF1B61,41
0xF4C288FEaaEdE002FcF548ff5070182Db982707D,40
0x0000000000000000000000000000000000000000,38
0x22412478e2888AaC3726eD46fDdDeD56C2d545c4,38
0x42C8C9df9b563ed81589C31B93938ca51D9C7ed6,38
0x383E79486D3EcDCdDc85ce59c4AAc7F1a6637AE8,38
0xcC1B9517460D8aE86fe576f614d091fCa65a28Fc,37
0x31997B848Beeb66CF3afD609Cb16a1957De88Cc3,37
0xdBDFC363C5F6Cb5a2e9112F9253084327700192c,37
0x1045E66149da028a0F625624a878C6B0765712Ee,37
0x1f5aDC9C9cE0d405Ad91581CC1A652a9063d881D,36
0x9c8919d6E97Be2B8B823FFfB699ef1cb3422C77F,34
0x1641B50b738Fa0Ed229415a2CEc2a2Ea056aE2EF,34
0x1f56d3630fEFaD77Cb4dbc1E1476523dc369f75e,33
0xFe6Ac84BF6e2551Dd768f52400a16EB667932Bf6,33
0xE5c30310b2CDb9d2698Ce27fd17c384544656C00,32
0xA5239D0999Cda7aa275Ae93624eDB2b36B7c5348,30
0xace0a89f5b75A6218315E265dBfC1ec888A4246D,30
0xB757C05E415eD00C923DA9908987EAAD9C279135,30
0xF5757e71D87b516EF96Fe9bc42a7E05e50380944,30
0x41Cdb2F48aC60317a816c48BCB1505E762d37bab,29
0x5805536427Aa70E55FC2b9Ae441F9B5e3267889d,29
0xbad117B81aCd0f327a8666a2096C9c7A2521DCC7,28
0x4fB520Ee0A14d8f0C39c5168F3098438CB3dce56,28
0x5bcb66A3C81892a98907BAC60764645530C75d42,28
0x8cd31B315bfBcb24E046F85EC1d6848B8bF643b4,28
0xE8cce10123a7F605B5dAD898a7162aa8a1710F64,27
0x30541907F9E64E9736b25F511bCeb90072E00481,27
0xfD12ec7ea4B381a79C78FE8b2248b4c559011ffb,26
0xbeB6e0aE5616559663DDC202e6ba00Dfdedc098C,26
0xBE062E7490b31F44e7113a8f96101C2eCC6525AF,24
0xCD6909C37CCEA877a5c8e9a3ffd69d9D9943409F,24
0x5b620C94a05a582b55D4E141f649893f464B85B3,24
0xE2cE04361c799Ad61C1F2ddaD210dd499c92286A,24
0xAc530d1E815D09bEc98eFe980907066c4262d2Af,24
0x44FE2A2536766a85370062D58dA24a3A7FB704aC,24
0x803d99991498087Aa1E4a4EC82Dbbf7F73cE4C0f,23
0x700583E2EF97e94d3af22ECafbd29B0c17391171,23
0x9B814233894Cd227f561B78Cc65891AA55C62Ad2,23
0x1fc0cc4C0c936A6F31289C819c1d5dc190Ac3719,22
0x02bc4F42b998FC23355c780A756446d9998d78dE,22
0xBD32dF5d96a347FDFA0F43c5A3582A57438Bb5f3,22
0xF647BC2531E790fEbb1a0ef850de702dba192394,21
0xCCF96f702936C9663Ad595f8d00FD7b86783F17d,21
0xDdC09D3bC73f37f98142Ee1af7A4273923bA44A8,21
0xFFbb7c6B3e1e0ADfb411A2726B1Ff1618fAe869f,21
0xa20B305dE3c6510dc0E09640Cc82407161b2050c,21
0x8E488828Fe31aa3Df040ddE446a4324Bc8b932C7,21
0xed395BA23baC164115B4b5781E1fB5760d3946D7,21
0x0680e4a7ABb5c7F0E4E41b0998F208e12Ce6A4cA,20
0xc8728766C8AC5E9feD7C815D2dCD3FFCCf2DcCCA,20
0x0DEF7259736F7d6Af8a2A59E35eC9b1da7e0c820,20
0xAD51824AE0bD74C13Eb60CdC20064dc48769119A,20
0xdB5B02b58850F916428520F16d0c1eeF6F24C29F,20
0x705f0B33a69d97Bce68c8F6Ae97488A54e57A36e,20
0x3CE07ad298ee2b3aAbEA8c8b3F496C3ACc51e647,20
0xE032717cF9025961465D4FB9C1576e20bb657360,19
0xADbF1fBD6b74b40D7bC039D68903804e97Bc6643,19
0x2Ed7E9fCd3c0568dC6167F0b8aEe06A02CD9ebd8,19
0x6C2342CE00729542b88d53951824E4C2e80bC5d1,19
0xD334627dd65461D3D8a48fCDd10Da21783431311,19
0x51E3D44172868Acc60D68ca99591Ce4230bc75E0,19
0xf045a0d540f5Ce82C0090E08740204878B29C673,19
0xF3fac8125E9F306aEb1d150E4F0c9A1e69849309,19
0xE3A161EdD679fC5ce2dB2316a4B6f7ab33a8eD6A,18
0x370d7D87Cb994Af3eB8679BE144e4259a158beb8,18
0x18277014f25c240D5AFaC5Fa1480046487C824f6,18
0x88A8378d0F3D4FF110d2757e12fE3ADB17903403,18
0x5Be99221Dd76654F3015AB8AD2Dd6BA96890b064,18
0xf5AC7B55222669a0C4fF974d7b5A02F21d34Bc7C,18
0xa50c1D35537A52505EB7258a8293CeED3241f272,18
0x7653bA65F7e231d3008F64f90e0FB5af2819FA94,17
0x322DD0bf7B020e28009d20770E2ef04356961196,17
0x3AE4FEc321A76763f62d28C82f9FCB8DC4b83B8a,17
0x1F65e682Da87bc47da4CfCB251FC718911B9022A,17
0x612244daadc7ed5b04Cea8b309827519B5fA49CB,17
0x956c3e76A7AD5286C96EaDa251231ffD6040d323,17
0x1F3281F6fe7fbe58b4612C065f4928fee4C786BA,17
0x188fbAc414e914B87489A2f73fa04710aD9e2595,17
0xc16B75aA166D94Cc6A437e433d1C519Bc1d89Cc0,17
0x72cab78cE9C54458D0B71562CaE78B6EBCF3597D,16
0x8901d14d817f9da0467827A075573A11F977D43D,16
0x5E9E4965B17D818374d03a0dfcba2F55110c7551,16
0xF2e4209afA4C3c9eaA3Fb8e12eeD25D8f328171C,16
0x6d97A6D8E348824b75b91E2ECB97b3f89458D551,16
0xfbE48D90Dd7Ea20211Dc2C5B2b6A7C1E4D4224eC,16
0x423c0725622933ddEf7540f57d0f8d4d7E4a654F,16
0x621eE310C784ab3D093f4a60423243aeCb4016d3,16
0xcE59986D0A15C94f1EcFe748DB7ADfD61023151D,15
0x12f2CD57353Ac7A2BE8388976a06c51a5D130804,15
0x405A451B0eFf4e95cB59bEF69613b75dA7b104F9,15
0xc1c4592475B1De9f317580A69CF0001C59640044,15
0xdFf35033C47d20b75618796f61720d9174462eC5,15
0x00efC55E69fBD93d2cA67F3A40BA272FB0Ac0de7,15
0xbA704f21Dd900d675941D0a7E2256F029135cBB0,15
0x8674e22e4afb2e0f6dAC5497159974b6685eb5b3,15
0x8Fc9C429ae7dd9dA20A334630923dA9F7eAB3028,15
0xD0592D613036483513501367368A8ECa6F3CbACf,15
0x3084d98B77d2a54960709dA236ad7B52Eaaa98C0,15
0x65D8e350241FCd5846F6fE651E75ee5FD311Cdd5,15
0x277FEf984D1115a6f543d3D65A2d138faF1db856,15
0xF1156130F1C0db169D3B797598A836945f34B9fa,14
0x77F3C45cF76e11278f753DC624c556Ef7d075fA5,14
0x3120793BfCBDdeB97D2DC73f4Ebdb78a39f8b32D,14
0xe7804c37c13166fF0b37F5aE0BB07A3aEbb6e245,14
0x311798766f21279f9a99333C514C260f45c0E75e,14
0x6f7c7627886e55b47D0489bF1ebA251B07729AA6,14
0x53BEaDfE0ccAD3a0Dc2C356713dD80d7422cDB97,14
0x053d12932cf20e5f1B5fa0DA480D3D002Ce774A2,14
0x2c9C6a9936d8670F58e988999bD1DBBe0379ed77,14
0x08D07667f7Ba037b996121C342B59a00204a025c,14
0x39d1c32e357EE3ACD9F0bB843e86F4B50065d70a,14
0x516a341Fd9EaCe8F1aE395eA5E453085BB355f1f,14
0x64205279c9C5f76C7af471BaE4172632805B04E3,13
0x919BEF46E3Bf6263E2360BD6ed55F88717499E84,13
0xB4Fc2A93863937B5d15870220c40E37b428dA6b0,13
0x6865cCc91EA7A30926B515aF7dB6dE1896d533ec,13
0xA4d4E6992883aFB7aeb355158A640c49df6070b5,13
0x97D8D3E7C0858bAc8BE58a5e45E03c81b45557E9,13
0x258d6D69f3f0dEa4Dfb93F37eEEB84E8357d5b34,13
0xE00655cce57D71c3622cAab56816c421b66a48b5,13
0x7cdF25D6933205Ec8E02D1DCf9eB0034EFEa4a80,13
0x8921c8CC2f802B753e5c04d66C4819b65cC71a2b,13
0xA6d62c7349b003450F70D2C84a8403388Dc03F83,13
0x668f49958D1BC901158c7EB1Bed657CC33F2e660,13
0xea303B6aC14fA7e990d4Af79f85658a5d6600088,13
0x32183910dcbF50B7476Ddd3B3E6F76fd600cD4c3,13
0xF8244B1773c7A9D319D424367f65a5Dfd0C90b56,13
0xB5d58B257dd3fbB30C7C21734b736bdcB560d4B8,12
0x6bc025B6b7d07AC0C52a0A19cae960a00Ef7bb9B,12
0x3113baa54FAe28002D1F172c1993F90088FC496a,12
0x97948dD822d07dBEd19E3906A48632a25dfAfcfe,12
0xf1E302a01b8E9AEdD85c0656b72aeEF3cED442DF,12
0x1d81bD6090b921Be87Fc90c39bE3A63f529653E4,12
0x219bE72a7e1008a69A657ac411Af7979262fe16c,12
0xf4440fc82DA60DDe6607ee0694b51C5C6fF7a4c5,12
0xD755362E38B25aD3C4a607eAa09Ef39380A66F8C,12
0x91B1Bc0b3DF68A2ab844D1b21D1dea33b78565d7,12
0x1154baCD73684AD870687150FC83e20592A75017,12
0xd8CFc66b7771DdF60c5f3529D51Bc70Ed5090e46,12
0x17DC1547C815367dE48FeADD0106CFf69ed1EFBE,12
0x82d75fc741846F9115c50a4Dd31298BcBB1A2031,12
0xc1608327B8F0d389C1024C63246c1c2bB27C529c,12
0x952dAD6Ef333D65A2d6f778Ce51B3CeaFd333eF5,12
0x3E66D65bdADe389Fa606913683F5E62ACE10ba56,12
0xC2De62734B257AE8B0C8870beD1145ea4Bb0C3b7,12
0x9dB07410ADE4460fd6499aad33cd9C7960121b66,12
0x7B32fDB37F1341D507776745c2E3Bf63D100Fd6e,11
0x2bA697B22285B0ce98Fc2559c8932B82E79EFD93,11
0xEbE25e0F21A58b48eF904Fc7761c9f16F6509073,11
0xf5E475A4a264453130c5f4FC2F6e508be8659442,11
0x829BcF5193645893979265b96d694d597f9bBBfB,11
0xf922B7337E768CDA6c56dc7ADcc6586EE590121B,11
0x6e9F89dd2A634D865057ad7f85855252a7F0DFfD,11
0xca0A6942FBE1931e2eCAC9Aa1CfC6104BC16b825,11
0xfE01F9f096a9C2033f186708d2107f5c71d0F0ee,11
0x9B7955bDD89d90cA2aAe2DB4cfad71cc6A4F49f9,11
0x8094C9563a434ec25c9e1450B5f117127a35029b,11
0x86C80a8aa58e0A4fa09A69624c31Ab2a6CAD56b8,11
0x17feA85A10Ba2A6996422Ec4f240bccc19745eAE,11
0x1CeFB4D2C8A327F1A14A521Ba926a8F3F1EF6346,11
0x4F042B32b647DE4A4d24e87729DDA94fAC911Ae9,11
0x29ee020c6b9B9092d03Ad8F0e1293F936e48E7E3,11
0x457D417d1dbfC70E8A5be6E29FEAA40bbf7F52C2,11
0xB67faC69db66aaF7Dc93E8Ab467714D4346405D6,11
0x8fDe254985f389eB3eea9741ADfd95eA9719ab29,11
0x09FF4fF3998d311bE8738A3360BfB88E0C87cd3A,11
0xEcC76E4D90822b78409F4ce900b56106610128c6,11
0x233a16a3479Bd91Dc25E9702B17Da6D4b1F0e2f5,10
0x51e0cF5557E08c086d91Ca506EE53e7A04C36174,10
0x6e79c57e6D8b603602cF024476F26c0F1fC87788,10
0xD57d4DC733F6c6F3CbA14d7d2FE1CCB3B8c61BFc,10
0x160209859e2EDCFCA69F753955eC0ecEcB2279f5,10
0x02C766E8135A79E2C1E19e4C13a048DA1fB46C25,10
0xa49f5E8cd272bfF222B5a1Cf228A1b1B4A575669,10
0x6B5173Bd34F64a6d08E8369b32771f9b3EFE4DD0,10
0x8cB1e3C6511769c0f25dbB1fCf7eA414d870D08e,10
0xc5438B152be21cDb632652D097a933714DBEC882,10
0x58B775f52989F215CB5A838C4bCb3aDf8ee6532f,10
0xF96A24bE985709c5A5009122C8905c00852E50fD,10
0x151f297736D2047847233970DF71E7A8b9C67ca8,10
0x387DE9B038fA6a6b8A5aCE105a1c013458343795,10
0x7aDBCED399630dd11A97f2E2dc206911167071ae,10
0xBaA8B26367cBD2D40c8f1EC76e02A539EBc6b037,10
0xfB547c26314Dda9A68678Af1265F9563234Fe516,10
0xfFB13387BB5724d90645fb63f43703f744C4De83,10
0xfb8D472292B47d87D55051C6d6792c1817eA2F9C,10
0x83a86d0Fe04eF3bC75bA95B06E7c5d22df33C23a,10
0x7814B8c5920923352BD7b6eAB89920C628779d7f,10
0xc56c0E532AcE2942Cb3E604127AD24FDb8d1d022,10
0x5B241a1f3751C202b2834ac6E90d144697ecc354,10
0x6a65842233Db5B345764fc716092AbcEf221b441,10
0xA8fDA429d4BeB74A402D934BB3658639cFcACF43,10
0x57E30c8b9EB87893Ba2d40c591753BA09EF89E70,10
0x276B386E7AfaAfFc53C606391Cf41baed2FA5af6,10
0x7F46867e7063856AEc871Befa017d9237853EEa3,10
0x46857e143c9356c477da4b580fA4bAde7Aa3ab4F,10
0xe33d957fB1F83bEc195Dd7Bf2dcff8861107adA5,10
0xf77f981E63F9eCCe4c8aE3E4Fdf26d1B2c1Fd5F1,10
0x153b5A68969b3EfF2fe44062F678bbbF36ddFC8F,10
0x77777777772FcCA782e925399893E4D4eb6D7573,10
0xd2A0b88789E8ff722989D731C74d019519Dfdb77,10
0xB667Cbae7D51c6c731Dd6956d1C230Aa830dAD74,9
0x2689707A8722456BcdaA07b51Aa93a8f4829e95E,9
0xDE418cf45E3Aa9bd47eA0bA8E7D0D11A07022D83,9
0x06008897dac9A4Bc62AD5575430F11dEc9561BEb,9
0x37143B4B2eE8F3dE3d1450da851A8E0C46fcf1c3,9
0xD5d8383bc4859C31D5769310c5DC0F7bC168b7D3,9
0xb25c1b4FE12c848143359Cf699B3C7a3a6641CF1,9
0x0039506B017F5d16e931464E0A055D2D86843bdf,9
0x5af468EC6efD6ab922e843dD41715aB2A01edc8a,9
0x6845933C73cbF7D759577f93594834C613839E8F,9
0x9cb0ec9E54f99692277D12f7C205F19e08B72E1F,9
0x643692D6a598CB9d6bA9c12337B4e02C76Fb73AD,9
0xC7756e95a0Da5037aAd060Eb9aE1FaaF71a009C4,9
0x7EeA3d14617914d7Fc2A9Deb9D851aBdf850EA94,9
0xC4558a98DD88783c1f87F317137c0f634d9EAaE3,9
0x8C7A655f8ef7FcB435cf2Ef5003d46aDF69E0bfC,9
0xDf580B9A19C97d1aE5A037065BAef67473e1f0C9,9
0xf4e4670b2B75a655d62e1A21B6b286d82D481d80,9
0x72831Afd5D9021C435847698CB7dcFa96f87A039,9
0x82E734D305f783fbaE5Ab025689a65918fc60eB2,9
0x353B18963e0c380717121E3AAcE1b0022fC77100,9
0xE44949952C25aC5364F30A9faCFBF871D8Df8E1c,9
0x51142D6C16E5fBF37C4a67886441C26FA20F59AC,9
0x3bacBB3F277DadCeE74Bee5AAACbbE00f8011548,8
0xb99080b9407436eBb2b8Fe56D45fFA47E9bb8877,8
0x56D5e3Da6b7c38D2e88612E4aAc9510Bc506a4Ca,8
0xe6cf7801D0366b2f2C87ea5354F5943CBA07D46a,8
0xAD635B290Afcde1746bBb0495f5Cc80Ef06FD3C8,8
0x31f1cC0026F60edf742a16bcc8624f0f3ffb179b,8
0xb153050bcc0B46659d117D6f5CaE8549D6E7b2F3,8
0x325FAaC5d65D48EB1DAfed6dE35A507B0703E452,8
0x0bbCB8782AbC625fcd6007620013D8b5D4902F52,8
0x42b435010f3E249D15982031fB4f53602658d665,8
0xee14Ef9b7e933E67323f0b720Ba92B4476EE8e6b,8
0xD59E655c5983C2944b101C0a8c2fB621A196dCa2,8
0x429475041E2F100D4373a9778CbaDBcBE16FAb7E,8
0x44D15E13B0d6d6E74D2eAFA5F92cf37d67c5a97f,8
0x8A6e0d754E3d8825a345313e248eE58A3b4742b7,8
0x1a08334A77012150Ad8Bb3C28Ec491F57387d4d6,8
0x42B772285AB5cC1D451864Fd428395Dc05302903,8
0xB0d8D7BA49964f20203AcD68c703CAf89f1f72fa,8
0x406c0e0B63A568345abd98e701660bfc0355eE37,8
0x8dF92353288a1Eb37fE2Ad9E33164036Bf0c8FB2,8
0xce6e43D286601C886498dcE71253EE1795889F15,8
0x7bE7aC0A8D7a1a15336e71Bb8f88B2be8F672bB7,8
0xF44AbDf44D68b9747fB122715aCfFB977EDC0781,8
0x16A74015c9EF875C0059F730C9B2ddDeB5daa74E,8
0x4e9D6d09c5AcFdFC25F1aa217c0a229586dC54A8,8
0x0B0fC9b623e68a5f16D23eB783f46f88dd1e9feA,8
0x63633B4CdAA20308674246D2267800E894aE0B2A,8
0x6De730d142D5AFa3172651586ebaC2A49377C8f0,8
0x06d28AC91CF4bAD01D8FB3C9b6550353420c5145,8
0xf566AE16b562EB642c95E01b99AB555FcA2F93E8,8
0x1892faD18933eD8B8402A8B84DAf6FdFCc4cE551,8
0xB907f0236dB1335948cccE49836a2feB5303b939,8
0xcffd05069f618F02e49308A2d906Dcb9C65B51C2,8
0xF1Cef7b9ac7c06d87034f45B5d60504Ca21e47fA,8
0xCB1357335A86715052c1A9b7393A26f17c7B0D7E,8
0x62Cad3E97d40137C23CcA18A1126A1066a7A1CE7,8
0x2f0c2636cdB9049A88ae113CaD2303C956C44f5A,8
0x33D4C3963977fa2A802EfFa9e4c8F89C310843d6,8
0x8c78e66D0425b6F5fa844eD35d19Ae741170B5C0,8
0xa6e54149D122ea03D6e63eAa4197d7A6D09B6aD5,8
0x86Ad97EAa54d215ec79d220404F9E8ADc54Cb3C7,8
0xbe6e75845fc9f7aB5e9fD1244C870c8c16CF8500,8
0x97B0464A732B55ffa61caCe6C92E1340C45b8608,8
0x2Abc4055261CE53f3D2D9788E6C92494c8E9Fb59,8
0x62f57C4f6789F753D0e72769E9aDEf1dc7163C90,8
0xfaCE06a46809d92D8908D925b0BC222eC24D6E5F,8
0xf4709321A9d0029e119a6660459AD7ca0bF85224,8
0x59825191E613f0d317a3307797cA0DfbE4141823,8
0x58F04f930865d967CEA0b64Fdf3Bc91A2810101B,7
0x8D5A40B8D928592bFA35431118398262614F1919,7
0x98bC90D82BE11D8A466B164789a88cE7964566d1,7
0xEB4d139eb53d7d3b20d08c9EAFC58Ca82b347746,7
0x3b54aa4DD31d9Ce4c329BEbb6a8411D9F0142E12,7
0x3b65c6C59bDB854826B40dAc2309400645A17f9d,7
0x1E5fFdf0D1C9aD49f7C69A6Fc69Cfd3d66934296,7
0xe0cc06C02AAfa51976549C5007cA43a5d8955722,7
0xa763E19a86ff06c1bC28bE98A9682aaCdFA36832,7
0xE8562d30a97d42120805859EDD9F7F26Cb1b22fB,7
0xD603796fD2C10a2dCb5b369378192539D0495C2A,7
0x104596482C67796b21E39354F67B3c9479B3bf85,7
0x01C2bC20eC81349F845e72aD1815d5f0229BE6F2,7
0xccc1b52055C549c036Da1ff6BcdBdEcb81A94B68,7
0xB7b310b7A551853f7379330E03815c306E613d42,7
0x62C2D04996b8AE0143444859467d9d67A9656C81,7
0xCf794DA7Ac518A928441DCBD7A50f878423906bE,7
0x2d590341D43185EecA048A1a8d0953c6F6b7a1fe,7
0xeD0cEe41B317E22ac6c1657c29181aa1c929F515,7
0xffc51f7eFE0e5309BF89efb723516b02270c3E72,7
0x8a125e1a2b4e5861622bB5F504cbAd0bc9305cf9,7
0xF1506c517d0FeA0bF30149a495ae86D4A681B876,7
0x37cD0558CC22712EfaB4dea072885e769ca7eb6B,7
0x002631A72398f22aFAF27c930B777870c1A34629,7
0xf0A2d4D76D7De36d8d79b592FCa060Fb44faDBFf,7
0x35E2532B573BDe27EdfD26a7079acD6C6c070876,7
0x1246ad63596820F599632bfB35451618a680498F,7
0x8265679645737c0cc5919dBAfCc592Cc854Fb995,7
0x774bE18A713F99A23139a8781B15942ccbB90543,7
0x5999b2F1d5EA9E4329edE15c547F99A038a890dC,7
0x3846078F07117bf618751B7Aff42e47269D8f02a,7
0x1EebF690Cd95cfE26d324E19A936Ba17a3301B20,7
0x32aaC8f25442Faf18eDfD01dA12E9F93F480E07A,7
0x8013F5b91410e406351682c4e12E43aE1023c5b7,7
0x946F6F5b7A0dA8CBC764fB0B00B649974f6F5926,7
0x8b82b99593ecae1C121449C28494276107c97F64,7
0xb20a8F8A505f76a962d243bdF3BF3c9D35806210,7
0xeEE9bfd1e4190A01Dd22fe1F613F501c79a8Fb9F,7
0x358317AD35d119227bd3FA6d48b7c87b65A55735,7
0xFe14943cc76b5c4013de35ACb7f8Ec4183bD7F1c,7
0xDC20aE89271CBbf553cC45fc586FB573F5d2162b,7
0x12182c3E1d9383f8EB6F6E42fF34197Ff7dD469d,7
0x228e9024dCCB90ad85D3e4f82bA18C765dA6CcE3,7
0x4f5236F0e798d5C7Ac05bdA945f480f6CCAca572,7
0x9BCC11845AC9ca1E76D1ab95EC2ff985bC24839F,7
0x56838b13A07961B23B9d74B8B1d5a290270B3Ced,7
0xad0C73209Be3814e6351cDd7cAD40b5e63876fF9,7
0x73ae3E6861342e853a499458C9b8C223e866996D,7
0xa9AA72bC597AeD246342AF5E662b38845C1B51CC,7
0xE036DbF6102BEADA32577d0e670A182A6Fe25ee9,7
0xB66c17EBDCA416F1c84dE69c51aD74B972F17aa2,7
0x14446c5F4B2B39F63AFFdb67334880d62473d04D,7
0xEa242c33F43480A27D2af3aD6Fb400E3ad1B82f4,7
0xcD9138fC64Eb4eB11C9403f89f416c6a52b98B3a,7
0x236393A051B28B94Df068375235fa9F74715332F,7
0x3AfeCb7ed3BBE863e80731F7531fFA67E12BE387,7
0x55eF6575E4f44dE4f407A43787DeAfaFFAA4ec15,7
0xceFca97d4ED40Ab0Fc0D81A28c45033361b903Ae,7
0x2D53ca53A33911813Df85f9E57dD7804438F6b3d,7
0x9398bF31591DF2BCC6e86683664d35a34B686fCF,7
0x944Ee059Eaa414238A4174114f4d838F47a74F90,7
0x1bb5733a28B35387FC462aE9979d81DD01a52426,7
0x7c2C68499DDB984Ecc051530483E235e24030A53,7
0x9E942684f5497D6c2433AD4f629411A7B952F7E2,7
0x408334e97Dcbc73D3b5C1C7Bca62DD2642FFBA70,7
0xCccd4245dDb274eD87C3059Fa2a48a8CB10Ff97E,7
0xDa2Be2d4ad18A7F7EfD82b88477A127F0845E2B3,7
0x9b62e03AAd5828581D4607408f4cedf8454E3343,7
0x8c632Af81718797093aE4425E0182747e3E9c344,7
0x9241aF565DDB8fb7cf453B8b12bB564042697b5C,7
0xa4f3c26D7632724Dd7E97B474FD2ddE42F2b2f63,7
0xE7D4800d36E63159A706C32ad93FcD02FB07a24f,6
0x7F78b47ce36b28Fc4CB3E7002E0e27cbF5B69715,6
0x9B09cF56B717b2383de0D963157b5353D833C3a2,6
0x08F341e4118272db2cA2f43B85fDcBD8f8402c9F,6
0x5a9447adFD0E8772ec3e90d52bb98f0DC5D2380F,6
0xD181F711D86F7B6B3Ac8AAa51f143f3cFeC6A7d1,6
0xb491e7B4B8be4E247E258D9DF7A257B21C4204b2,6
0x8C867B15456a9E23e2bF2053936b0FD69A83c982,6
0x0a66d6122eeF801df8801ab24e2eB2a7821Df86c,6
0x1F6d74a8347749D16DEB987a54CcC29BdF5fB960,6
0x6E48f1c0197226ff506788911E330cdB86960BB5,6
0x81f5F2D5A334e9b4Af19bee742102F09dAa56b87,6
0x1410Fd1A49fb91294eB522b14265dE412Be7b434,6
0x1678436dDA58399e9DD5337459A9F7b99a9BbE48,6
0x2972b3867C4790b05A5b24A3DE63C04455636255,6
0x54C69c7cAB782A43dAF81507c18684121cc3D7Ab,6
0x9CF564a3Ea07DBB6f3260b1eB82ECA98cFd2C8DB,6
0xFCcC4a296ada4d5a752C3b1ede5031A1f6FEA35E,6
0x23B9611768FAF2F6c6F245E821a652206aD50B7a,6
0xfd7bd35e918c70e8F8Eb069F5Aeb6CCF86F62e0C,6
0x0976BFFC4cBf2b0C84DBd9b260e7D8F530b56B95,6
0x0C6DA759837beC87dC5480DD7efB4776547Aa36D,6
0xEa282c18358724cDc477C21ECE2BeA01D45faC84,6
0x443bD1739Aa44bb368E2f2944E1D10dC1dD9D214,6
0x6C734A5f70C0157b48Ba9e78705947749d4C3A96,6
0xcf892E51017471988FBd1787b626b302eCA77D5f,6
0x480643f62c1A9Ca827F96B0BAab1A2B96D462bcF,6
0x46DDC2920a0b22e695852942fbE94074bBCcBd81,6
0xfF97eC2eBe34655aCB18E85B38a4248677FA3efC,6
0x3Cc813AD7465BE50971DA485Fd3eE51Ee74ff217,6
0x15479C8aB1ac8eA1415c80D9E26854d92c6F166c,6
0xF01D0cb8F0a285bc639C989D6D66367D0625d063,6
0x4245d371aD3FdFf7CefFdF4E88Ef4d29F2147846,6
0x145404864851342B45132A7B1462E14fe09b711d,6
0x0bDEbf66fa99fB4d7878EF10ae4ecBd23f0a8c45,6
0xD9928016E9599E3EA87AF3584628156395389e2D,6
0xc2Ae6a9070906645f36Ed7aC025bb70FD755A4Ef,6
0xe1a627c05A8DF4505d35ce9928e71Fe457f8035A,6
0x40F2C8Da3Ac7B8852E66C6Ca74A140a79b250EBA,6
0x5D7e7AF3eB47E237E5193066D3fE593647a26920,6
0x00a0d4f2fE50e023AEC0648271cE1a6616c702E2,6
0x341fd0163e6e276FAD200ED1a478e3c2EDCa961F,6
0xdc381816551b4269dc49E604834548563F831910,6
0xc865249107073Be9a53e1aB196477B447428E354,6
0x5fb9dfe3b672FD74C4c02F22f28435c19fCF6f3f,6
0x20a30a68bEa440c34f7Ca4Aa31527c9180836f86,6
0x98b9051713325ec18BA4eDD8cFe66BaB4Cf3fDA1,6
0x49bA940902858f7F3f3CEb6828FA912981e5873B,6
0xDe39FeFF64bE58B363e7b0DD417F353C8dE66729,6
0xDe245f39def270b544E2E2cdDFCB9F8386ef842a,6
0x857C333A2043390f7e4238d0458845F29060B362,6
0xD8fCE2B54DBF1309Ef18a5cDA996acbC6a754405,6
0x5c211AF815Ff70551A10Da06619595157AC74A61,6
0xbc7B1c141218C5d7BD1BEb8098BDe5D8a1e327E6,6
0x9F92A61B06e47beF0E7eD627f385ab4f4429070A,6
0x16f21314926e4dC1B4F36bC352ca7F6A722363c7,6
0x36106A9774357883e0e04C9eF4d53BecA3e78e69,6
0xF255d3453F8ED48CC7A4c6c8cc6343E6Fd0Abd08,6
0x9356Efc7cBce4F097B5afdF903c617a295296C21,6
0x9a7f2a832611c4FD2A7e5B081c934DDdd82934de,6
0xfC74042d1052e496cC8f695c7F1a3202EeD2c916,6
0xdf591Afe74ea1d87Cef7fB7eB6364F2044cFf8dc,6
0xD4DB82430156b692C49DcC7ec8533256B9c60B28,6
0x6290547a2ba0489E996E4373a917274b7c60a296,6
0xf90a6a6C6cE994AfF08574316f147e146c732bd4,6
0x05aC2e0EB1Fa38e707a76e14C59369Ad03A52A4f,6
0x740378612D5836100968CF6d6361bCEAB1A7bcE5,6
0xa4a07738E66d8E4e844644537aD63f84E17909e5,6
0xB8F09bEf43a7deee7B226876492640e2fE3eeA27,6
0x2229a72A6C81997060AB79596cC55830Dcd4d797,6
0x56d6d11df2Aa6A0dBC5569a56C9299fCDb418911,6
0x9E375185df2a7820eD1314606066234DC2340ef7,6
0xa0564389Cc6142c3D96c32c6529f97bBD6c12eb1,6
0x789F0ca66dAf1f14fA5e27923b9Db386D1e0adc9,6
0xb76b5Ec7016fE086983dbb3E0a9552be28Dd238D,6
0x419B7b936d63a9ca54Be886AD25236a4985Cd30b,6
0xfd5cA7FB911f8aa271274c8991f96b5d6044adCE,6
0xA8c4CA35c716b336ef63e7b40F459edce71cc5F1,6
0x113434D1BF18FC04A94684e8aF9295bE9ED4df7f,6
0x8932D38A927CC7BA2690240052A82eb888a422ff,6
0x70a4d8c0906bd09f9166F0f9483B0c64282B2C06,6
0xaBa2F830Eef43fcac029D3844eFB388bDF28C37e,6
0x715E9203705D6D06e6F95A704649Ac68d4051850,6
0xF37B45A14760fBdFcc61d8fb8010Da07bA9b7317,6
0x0C14e0240B68f061baF25152389AD9A3CD5a5888,6
0xd6aabEA3FCfa8376bB5597CAA42660c7066C0158,6
0x870eEC674D1571d70948987C86170b470dB63971,6
0x0f1884383B3ce2737732C7698c8B7fa433A146D8,6
0xb83d650B3E8dB85944F18080cF54FA1674Ed39c0,6
0x114aa35c50f9a7b0b04b9B2a2FB9A51fDa4Ee180,6
0x42Ecc83BAE5588304c1eac1bC1227144d1A50583,6
0x54AC6c5287EEEA21d8d0dDcdA689B4c7e47C4E26,6
0x82E19b28349ee18e6Ae685fBB0fBAa09A349f9Be,6
0x4a851F4031345b17A857E12A0f5dAa881731f74A,6
0x747Be4ce0B89173C76DFD8DB77b3CbbEdB3101dD,6
0x7DC91368B74b615DcD9F3927978dD53a02F40E5a,6
0x38c3b9f8FbF3ABFEc4102b1011a45F09e4e06d30,6
0x3AD9aDE5c0d35293D0A3D89375e8eEBC7c4F2E59,6
0xD85373F20a7D837e65882c8DbdAD5D26364cf769,6
0xb16680AA01BfE83852D3443509Bf6997099A3d4F,6
0xbDDce9497909c09b1311dFA1aC136E21B0Ad4edA,6
0x9e14129c1B9d7bBEF1E181Cc2a05028D69A714E7,6
0x82aa1b4C97f7C20B3d72BC93892538D77238711F,6
0xAd12C2941Ac9aFFe667Ba175f4FB73768719f3B3,6
0x242Ae9b6011366c95A05a1CAA249467ef80B1BD4,6
0xe223d3C913cF1daDa0E2C774c7FeE5BeFB67CB52,6
0x1dD714DB1e4638B44bb168bbe27C6b4801984430,6
0xab199993730664675671aadD8329F201708b2F94,6
0x858e4F0872dabd52B7a3F1e41C6c7518CcD67Db4,6
0x887ca7ba5b33293270b9773db1104a1Fd20c1A6d,6
0x1Ae641b19D858B72895288f172501fB2908Dc3cA,6
0x27F0E2952754cC089021a1B392000E4D8435811b,6
0x1f0F67306353Cb8E47727a92166d5533c9369405,5
0x764581c886C4191a55C55d6384E19b2A1cBCE6DA,5
0x8C5E9B2998B0139983BEc845A7E5Fb8837beD55c,5
0x370C48fE809Aa6C532ea2Bd127718D57a9Ea97E8,5
0x405B889ddE2ad0Bd6D91D63c5747AC98db0e5131,5
0x7bd057Ab329C86C5396047342F969738532cE420,5
0x0c221953f01C141f3235a8a7e6Ad7d4Ef992E294,5
0x9B42168e914bFB1Dcd8A50210758B81d608932CA,5
0x1A3e8a038a3988Ab55ea9472A6e87200aC0A25dA,5
0x23D18D8FC4cCF97539EbA516B3A394616f208b74,5
0x6ddAF137E5eF79b07A851d25101eb8967915D820,5
0xE575e2362BCBD2ee57Cb18E5df85E022850bECa6,5
0x5d7aBF5a305A43523e7687c21D1c8d0CC2315f2F,5
0x57B2af963DA28123f6f36c67e11C3549E20e626F,5
0xafeBa8608DC62eC9002ea43588A05F74FA2A2c29,5
0x45A3412B645Eb421e2106b0C7115c8FA8917e914,5
0x84C5e5d65cA11D00E1b0f9923C84f2C306749fAa,5
0x6149cE4E1301D5512DcA8F0852B81bf2085eB9A8,5
0x60e2cA1D9f290ceDf1dE924740845C46F717B397,5
0x535e3F59Afb1De1a5694D5840224F964d53f7688,5
0x0040e57e59FeCf0c574dce305532b69206dd11BB,5
0xCcCA09a9ad2028eA42295331009c3bDa00094CD7,5
0xf212aE4Bc971E2bB0b7e24bE4195955Ff3F7175F,5
0x40841Ce2F052D4310915204fb9b0C3F2A5Ae391f,5
0x46Fbb5fa470cC87B03c443dE1ebEaA9260c69208,5
0xB0188983c4A4644DEA9a6936a7C4605CC1812956,5
0xcF82693e73ea5F2d160Cf18a0A6e8e90147c4E25,5
0x7Fe13c76Ed6751d0C344FE480A70f1Be041Df9d4,5
0xA5F1Ea7DF861952863dF2e8d1312f7305dabf215,5
0x0508a9d22aE866BC6CeA63aCc6aF35175d54B27B,5
0x2f9669F1F4f49acbb9b942c0B7B27c40d4eCfbF4,5
0x9E7f3adD820E93781F64B6E7B84b56AeAfDb3Ce3,5
0xb954234B03040917d18D84c83D1a366BA0DC7fE0,5
0x29d7A377AdA980a17DA93Dc2b0c65a0dCb14E0B0,5
0x5b5A26C5EF82853E2c38EE543d48F7d2bB7FC989,5
0xF13a275f15C8907Afca6e6E5c8AE9247050143A4,5
0xb03C4501ACe8bE07c5EF845fCea8D80a0443Ab80,5
0x1daBc6e34E3DBC4e3F5792cAb1B52Ffb7cF4A89c,5
0xEFa80D43C56d08037d9c56a59D277b5099D4A795,5
0x35bE1387D1bBC2d263b73ab2825eE91f1fd75CF3,5
0x19D6520C849b4BBd6183b3D7cA9b82D2d9BD7FDd,5
0x98aFaaF70E60E970ee3315853B3a9e8d7853f67b,5
0xbF4063591A99E7D5EE125aC56465f249c283CA71,5
0x0c3c31543295dFD557A2c43FF4e6DbF563552c54,5
0x005c368737a039198e0590E055Bd8Dd4b5957809,5
0x43360D1F7f790C21FEd4C70Cd9c8466f323B1178,5
0x78139f5c611a999fCaa68CA03C6dfEf07276d1EB,5
0xD1Fd9DD931D8A105827dCaA2F47bA8b25828e965,5
0x0B95205c2bDc5662F50946874c5CD7FdE5fe73e2,5
0xc278138Db5F6E3aa1c39903633040416A16E2B88,5
0xC67B2327b4B1086970cA431b614685D3B872d047,5
0x7Ef7Fe2ac5b23298854612550fFF28829f82B7bf,5
0xE3A1186894cB3cB2f065e6B67431e0f057E46b94,5
0x0bAd18E54259012914b43231BaeefD39D16cC446,5
0x60b32A5673008C8B925aABc0647e13353E1630b0,5
0x09C9Ed926440b43581478c8faD6873aE54483FAa,5
0xB23Fa2e79D270cF489545C1B85346B134CF35e61,5
0xA0C1A6134FF88AfFa323c1FE2c66f8FaF5cdA648,5
0xe4ff4f225A315FBE73d3FD3f1981cA45D895dD17,5
0x5b1a073657E4B2B14Ff4200428d7733a32F3B3D0,5
0xc87126A9633D3b86d1070395322635f368A2C826,5
0x99Ec02aC0871A7b3f950e2F9041598773f4800E6,5
0x4D1119ff8c1d6762A08d2fBe3974395080A656FE,5
0x15a4DD98caE14f9dD85c1108DC6D14Af14a954D7,5
0x5443862f52B4E51F29671F1fC5dad0535376F7bb,5
0x1abe57A17Bd54DEFb70e44b8C28B0522C30af379,5
0x274BCd5E03AEa79b690731D951A67FFf834aB4E3,5
0x649A69E6618510d47b00ff1fDd5b7350c89ab16A,5
0xaC5A7D2280a49319d19692aCBeD7a5ad34E1398B,5
0x260B61E4F884aB99ee9E0Aaeb982Fb6454d34FE4,5
0xC9fE5cd8214e9a46A2E81C76f1eBA354E5F3FA6D,5
0xBfef4B3CDee37FAe886a8A58ec5d833080Acfd39,5
0x6D3dF77B80cC76f424cF8F82d7c999476ccFB7A2,5
0xf350bE9436A7b5202Bb9e406E09FeA6984C9A1c3,5
0xC238c6c64d8E139A22b071709D8442fD82453612,5
0x3C8Ba6955d5E69Cf853D421Bf197939Da2631595,5
0x3a47e6ef15feA18fDE8BBB92844B34B9B7520Ffc,5
0xEd8F31bDd8788D54c3b573FC9eCF2ae04c26090B,5
0x5Cb483F91c8818d6E556e2BA86286FF3B9ab97df,5
0x275bdE4B9D81370146757182120b3b269566E172,5
0x11D742f018070b39CE9a202cc4d3ECD786BB6e8E,5
0x139ddaF5B1e5f02A1664Cd682F9F1c5Ab31c8bB4,5
0xd06B87075e24D42CF9d25BFFb4E194b919f61337,5
0x1A8fBD440b62a67F24b191Ad1B903918336A4AF1,5
0x5Fe65148E627E3C001f7608Afcc86719CDc74a14,5
0x3E7796D93CE2922629B0dcf7f6bB63A43A1f8D62,5
0xCDef1A72036C9F7F8c069Ac58bdde5296576176a,5
0x4A2E3806FB3803FE6b2A5d9A884cCef6B0Fdd37A,5
0x470621131035C2269d00BDA29578b3E011Fad925,5
0x5a6fABCE2d0108288F695dbc7222FcAc2a5b33B7,5
0xf0d0F4E56930b9C30D8Bd981Ba022e327cEC9334,5
0x95E18aC14fc0F62A600886bA83d33c770549A7eC,5
0x9DC72290533d4Daebc4022566ca0B7Cf0a79bEdD,5
0x6c02A69B53Bf543dC674Be90Bd7AcA2201F4E2A2,5
0xF80495A232c06A0C8E00957667DB27a5bd185ca2,5
0x469E6dA22b239B033423C43ff7070d4B7284326d,5
0xC48237859c4727Faa0cf11FC180a7b4fB676ED56,5
0x70362Ca5eAE8516560828d23BC664A24cc62d61b,5
0x23A938efFE4cdEb561f0CE526a5FD50A92d94406,5
0x39c3a6d36EE2Cc10C54F51F562460411eDe15B7a,5
0xD1552D83c682447f2F4886Ba4E1717a96d0Bf9EE,5
0xe53e3dDf29c50C009703EE42fA1F1b7bD682d27a,5
0x866D01A21d16bCA8908f8AaF8fD2D0925d71D265,5
0xc3b912B6425f0960a5A014f4f2d9196929630B80,5
0x42FBd3262bbb2b1D5507C83814B171B7c0D24755,5
0x17F08C2a75cfB321e549469E27CbD807D80EfE3F,5
0x79c32E2C3D190425e47fcD7E3601BD9e298E7fD6,5
0xcA37Ca3D748BF37f5865A03C3f4d2f55654D24f7,5
0x8C962Eb0023510aDD8b28E15eb73428DCc0b8379,5
0x3044c853BCA533c9819527ee17C404ccbC926777,5
0x0D21ac9C34A705C1C36808ceBa717f9805CD4976,5
0x662522EFF350Cc63C84CbB9fc8168002d3070D32,5
0x67D9C567b80CDe6c20A9466885638f0c25b18697,5
0x1ED2b3409107e1e9a1AF9AdaB00661fB9ed69D42,5
0x3CD266509D127d0Eac42f4474F57D0526804b44e,5
0x006B79E8fA86c74348deEe204fcA2eEb1fA944D8,5
0x5E1A69004f72b05D746B7C646632c8f9aa71BD42,5
0x486f55C7bcd6A1038d3227d0d046Ff57dfe70879,5
0x80B02e4684344c8A8c94745f01B8d8AA6a0E4eAc,5
0x0bc6ce5a7f39F2e69b9ea867c664C232C36498Bf,5
0x4E1a777428d17DCbd5bBd9964Ad733599aC26A89,5
0xC3FcA2b53D092272415A5f5cA2645A96a19d4c18,5
0x3303Df5Be21ac3733Bd459aE6C34C6ec27920031,5
0x02bB7F9dfc2cFc540313D43b8509DF020aC07eCD,5
0xb6d93656A762A6cc598f4544D889063263753a98,5
0xB6f3685b61FEff567E1b0dBa239219C73908B683,5
0x2103495c64700F1b238a4a1Bea9cF60201B50077,5
0x3E3AEf18789AC8B329aEBc1AfFE0589Af75Cd945,5
0xA0710889a87aC878D1204b0F3C9E76756229df1B,5
0xA85a8983BE5ea88eda931546c92d673F9C3F77BE,5
0x4F9F33842E661D28EDEACe5e3bc3a0D65f8a29DE,5
0x9d77cb4D8371736e2A2b2bfAa677b7841cDc8fC1,5
0xDd963b0A7c403E11BEF794DFf1EB7D2cBF85e7C6,5
0x118483993098cd3B8A4089587cEafb05205C3748,5
0x2196c804d682BdB516D602BE3c411bBeb60168BF,5
0x84dEB09026B49EA72D25CdC19025Ff2a8747765A,5
0x0880EDE99E3f9F961FE251ed4e6A5e4fE4c0809d,5
0x5646d71A6243bda1223389562B605C8bb906A9D4,5
0xaFe779cB6185Bf3b6fdd671c0D569aB1e1501925,5
0x6CCD85dA27F68C3b4d8B4240e818aeBe6296AC8c,5
0xd3a20EbF0A2F52060A47401C25e296EA46AAC43F,5
0xc5c9628cD57f3B945AfB975eCBd857377fc7C8De,5
0xb4c9622e3406E8784F8D17A691dc698dEe550741,5
0xCc9De7C752b52F9925A14FC16923902E2700d4f3,5
0x0A30e69c5F8229BF164Ddfc271838AC5cde32634,5
0x99563972F5d4e9a882d921e263ccc4C71F3981Af,5
0xD7EF5c305D9746f29D070957fF09379320A1a142,5
0xb153E28a5D5A662819149f5610D4295BD2B59B23,5
0xaF998D93D130F0B658DF0d291281596681f6AD9d,5
0x4b918F08E641F9Cb28fF38b19Dfe4180796F0bb3,5
0xDa1A2F5Cb782F7FAc50B906008CDefe8dd2d5229,5
0xAEB3746Ca5CE3592c904b2777f2E7B577B64C655,5
0x03619F7F85731A77D290e9351e4bA3E61Bdf4e5b,5
0x01054b722FB5EF7C0391fC46278E19Dd8A21183f,5
0xA53D3c7C9739A259A16F524d8b5bd9f5dc9A957B,5
0xE7C2640c585A96424d815B916d60ef521ca24D18,5
0xAeA68a960C5158Bc84A535f5e5d835e19015Ca14,5
0x243FE6F77aFD738392A7675B0cB76FC4144DEa49,5
0x937b61C9412748A15F60e3CE5795177329E2678B,5
0x770ac658e6bD870c015ddcF1103333CF0eF6dCA1,5
0xeC7f2eA6926318817dD09a1af497A1Cc966323Cb,5
0x504DD3261Cc8EfDD1A0E0DeDAB02752e27527a37,5
0x3CD787fD84f65c05eEe459a866247AeC29b5CE4f,5
0xf9c0239cd9f8cfC1a7FD5935eB640734616A00aB,5
0x2C3906F2d8fcAA2364537C1191373c3B7696d6F6,5
0x1845577a545bc86F476ba23dA46de13381f48893,5
0xF556FAf23fc2FeEfa33Ee6dB2d1eE4c70e534513,5
0x8F5dE2bF9Fc4FB71D6984CB20F56145BD2195484,5
0x3C0c4F5C8c3F90F76911119C31C5baf58A2D0C7A,5