block,rate,spam,total
23650000,15,14,91
23650001,14,7,51
23650002,0,0,60
23650003,0,0,47
23650004,0,0,50
23650005,6,5,81
23650006,0,0,72
23650007,8,6,78
23650008,7,6,91
23650009,12,11,91
23650010,0,0,52
23650011,7,7,94
23650012,0,0,47
23650013,0,0,43
23650014,9,5,57
23650015,0,0,56
23650016,0,0,40
23650017,0,0,54
23650018,0,0,63
23650019,0,0,44
23650020,59,92,155
23650021,11,8,73
23650022,0,0,48
23650023,0,0,48
23650024,8,5,62
23650025,13,6,46
23650026,0,0,49
23650027,0,0,49
23650028,32,25,78
23650029,0,0,56
23650030,0,0,49
23650031,0,0,51
23650032,0,0,74
23650033,0,0,42
23650034,0,0,72
23650035,0,0,39
23650036,0,0,42
23650037,0,0,41
23650038,0,0,61
23650039,0,0,72
23650040,0,0,54
23650041,0,0,61
23650042,11,8,72
23650043,16,12,73
23650044,9,6,67
23650045,18,10,55
23650046,16,12,74
23650047,0,0,53
23650048,0,0,89
23650049,8,9,109
23650050,29,29,100
23650051,0,0,62
23650052,24,17,70
23650053,13,7,54
23650054,0,0,38
23650055,0,0,59
23650056,0,0,51
23650057,0,0,45
23650058,0,0,69
23650059,0,0,49
23650060,0,0,44
23650061,0,0,52
23650062,0,0,49
23650063,0,0,43
23650064,0,0,37
23650065,0,0,76
23650066,20,15,76
23650067,0,0,43
23650068,0,0,55
23650069,0,0,43
23650070,8,5,66
23650071,12,6,50
23650072,0,0,47
23650073,0,0,56
23650074,0,0,46
23650075,0,0,48
23650076,0,0,59
23650077,0,0,51
23650078,0,0,40
23650079,0,0,39
23650080,0,0,49
23650081,0,0,41
23650082,0,0,68
23650083,53,84,160
23650084,0,0,67
23650085,20,18,92
23650086,0,0,75
23650087,0,0,69
23650088,0,0,47
23650089,15,9,61
23650090,9,5,57
23650091,0,0,46
23650092,0,0,62
23650093,8,5,61
23650094,0,0,47
23650095,0,0,42
23650096,0,0,46
23650097,0,0,60
23650098,0,0,72
23650099,0,0,73
23650100,0,0,72
23650101,0,0,128
23650102,0,0,80
23650103,0,0,74
23650104,29,20,70
23650105,36,43,118
23650106,66,133,202
23650107,35,48,136
23650108,18,20,113
23650109,21,21,98
23650110,8,5,66
23650111,14,10,74
23650112,0,0,82
23650113,8,6,78
23650114,29,30,102
23650115,39,32,83
23650116,12,5,42
23650117,0,0,46
23650118,0,0,68
23650119,89,263,294
23650120,91,278,304
23650121,73,146,200
23650122,0,0,85
23650123,0,0,77
23650124,0,0,41
23650125,9,8,85
23650126,8,5,63
23650127,0,0,62
23650128,0,0,59
23650129,0,0,57
23650130,0,0,44
23650131,0,0,73
23650132,0,0,61
23650133,0,0,59
23650134,12,10,81
23650135,0,0,61
23650136,0,0,41
23650137,9,5,57
23650138,0,0,58
23650139,0,0,54
23650140,0,0,58
23650141,14,6,42
23650142,21,15,73
23650143,0,0,46
23650144,19,15,81
23650145,0,0,61
23650146,0,0,39
23650147,0,0,50
23650148,21,10,48
23650149,0,0,54
23650150,11,5,47
23650151,0,0,36
23650152,0,0,27
23650153,0,0,59
23650154,0,0,46
23650155,7,5,73
23650156,0,0,44
23650157,0,0,49
23650158,0,0,46
23650159,0,0,31
23650160,13,8,63
23650161,10,6,61
23650162,31,20,64
23650163,0,0,45
23650164,14,8,59
23650165,31,21,68
23650166,0,0,35
23650167,16,8,49
23650168,0,0,37
23650169,0,0,45
23650170,0,0,49
23650171,15,11,74
23650172,0,0,50
23650173,0,0,50
23650174,0,0,42
23650175,16,12,75
23650176,4,5,114
23650177,0,0,163
23650178,0,0,72
23650179,0,0,74
23650180,0,0,63
23650181,0,0,67
23650182,0,0,67
23650183,0,0,67
23650184,14,10,74
23650185,0,0,71
23650186,0,0,61
23650187,0,0,66
23650188,0,0,59
23650189,0,0,78
23650190,0,0,85
23650191,6,5,78
23650192,47,63,134
23650193,0,0,50
23650194,10,5,50
23650195,21,18,87
23650196,15,9,61
23650197,0,0,41
23650198,0,0,51
23650199,9,5,54
23650200,23,25,109
23650201,0,0,45
23650202,20,16,82
23650203,11,13,120
23650204,18,10,57
23650205,0,0,52
23650206,20,12,61
23650207,8,5,65
23650208,0,0,45
23650209,0,0,38
23650210,0,0,46
23650211,0,0,39
23650212,0,0,55
23650213,41,50,122
23650214,0,0,55
23650215,68,181,265
23650216,69,157,227
23650217,73,174,237
23650218,76,196,258
23650219,72,200,279
23650220,45,53,119
23650221,69,145,209
23650222,66,139,212
23650223,64,122,190
23650224,73,136,187
23650225,72,143,198
23650226,78,184,237
23650227,76,170,225
23650228,69,151,220
23650229,75,171,229
23650230,0,0,37
23650231,0,0,40
23650232,42,47,111
23650233,17,21,125
23650234,18,15,82
23650235,6,6,98
23650236,0,0,64
23650237,0,0,39
23650238,0,0,48
23650239,0,0,40
23650240,0,0,111
23650241,0,0,69
23650242,0,0,33
23650243,0,0,36
23650244,0,0,44
23650245,12,5,42
23650246,0,0,94
23650247,0,0,57
23650248,0,0,65
23650249,0,0,42
23650250,0,0,42
23650251,22,19,85
23650252,28,16,58
23650253,9,5,55
23650254,32,25,77
23650255,74,213,289
23650256,9,6,69
23650257,11,6,56
23650258,0,0,50
23650259,0,0,68
23650260,0,0,61
23650261,7,5,72
23650262,0,0,43
23650263,0,0,51
23650264,8,5,59
23650265,0,0,46
23650266,10,5,51
23650267,0,0,61
23650268,0,0,58
23650269,0,0,59
23650270,11,5,45
23650271,0,0,56
23650272,0,0,28
23650273,10,6,61
23650274,0,0,60
23650275,0,0,45
23650276,0,0,78
23650277,15,10,68
23650278,8,5,61
23650279,8,5,66
23650280,8,5,62
23650281,0,0,53
23650282,11,5,44
23650283,0,0,47
23650284,0,0,52
23650285,10,5,48
23650286,0,0,55
23650287,10,5,50
23650288,0,0,44
23650289,0,0,47
23650290,10,5,52
23650291,0,0,59
23650292,11,5,47
23650293,11,6,57
23650294,0,0,53
23650295,12,5,43
23650296,12,5,42
23650297,0,0,49
23650298,0,0,46
23650299,11,6,55
23650300,0,0,36
23650301,0,0,45
23650302,0,0,46
23650303,0,0,47
23650304,0,0,90
23650305,42,66,159
23650306,15,15,99
23650307,24,22,93
23650308,36,43,118
23650309,20,18,88
23650310,18,14,79
23650311,32,29,90
23650312,0,0,63
23650313,7,5,74
23650314,31,38,121
23650315,0,0,85
23650316,0,0,0
23650317,47,69,146
23650318,82,241,295
23650319,14,11,81
23650320,44,18,41
23650321,14,12,84
23650322,19,15,81
23650323,0,0,32
23650324,0,0,71
23650325,17,10,59
23650326,22,10,46
23650327,9,7,82
23650328,0,0,32
23650329,11,9,79
23650330,0,0,40
23650331,8,6,75
23650332,0,0,37
23650333,0,0,36
23650334,26,23,89
23650335,16,10,64
23650336,7,6,88
23650337,0,0,31
23650338,21,6,28
23650339,11,10,88
23650340,0,0,82
23650341,12,12,104
23650342,50,84,167
23650343,51,101,200
23650344,86,266,309
23650345,38,52,138
23650346,53,83,156
23650347,56,130,231
23650348,83,203,246
23650349,47,141,303
23650350,46,86,187
23650351,36,38,105
23650352,0,0,33
23650353,0,0,9
23650354,67,60,89
23650355,12,13,111
23650356,6,5,83
23650357,15,9,59
23650358,75,166,222
23650359,72,139,193
23650360,0,0,0
23650361,18,19,108
23650362,25,11,44
23650363,0,0,59
23650364,70,139,198
23650365,59,84,143
23650366,0,0,46
23650367,0,0,41
23650368,0,0,86
23650369,35,28,79
23650370,0,0,32
23650371,29,20,68
23650372,14,11,78
23650373,0,0,33
23650374,0,0,29
23650375,0,0,32
23650376,42,36,86
23650377,14,9,66
23650378,0,0,22
23650379,14,10,71
23650380,0,0,31
23650381,19,14,74
23650382,0,0,37
23650383,7,6,91
23650384,0,0,35
23650385,0,0,45
23650386,0,0,44
23650387,11,10,90
23650388,0,0,32
23650389,15,8,55
23650390,0,0,38
23650391,13,5,39
23650392,0,0,50
23650393,0,0,63
23650394,9,5,53
23650395,0,0,48
23650396,0,0,40
23650397,11,5,46
23650398,0,0,50
23650399,0,0,44
23650400,0,0,57
23650401,0,0,48
23650402,0,0,31
23650403,0,0,51
23650404,11,5,46
23650405,0,0,47
23650406,60,63,105
23650407,22,15,69
23650408,0,0,36
23650409,0,0,49
23650410,0,0,56
23650411,0,0,52
23650412,0,0,43
23650413,0,0,37
23650414,0,0,36
23650415,0,0,36
23650416,0,0,48
23650417,0,0,44
23650418,0,0,39
23650419,0,0,41
23650420,0,0,44
23650421,0,0,53
23650422,0,0,39
23650423,10,5,49
23650424,0,0,49
23650425,0,0,42
23650426,0,0,44
23650427,0,0,38
23650428,0,0,42
23650429,0,0,40
23650430,0,0,56
23650431,0,0,40
23650432,47,47,100
23650433,0,0,104
23650434,8,10,120
23650435,38,56,147
23650436,0,0,58
23650437,30,32,105
23650438,0,0,56
23650439,9,5,55
23650440,0,0,57
23650441,0,0,56
23650442,0,0,52
23650443,0,0,52
23650444,0,0,54
23650445,0,0,57
23650446,14,13,90
23650447,77,244,317
23650448,34,48,141
23650449,0,0,70
23650450,0,0,69
23650451,0,0,60
23650452,0,0,63
23650453,8,5,60
23650454,0,0,65
23650455,22,17,76
23650456,0,0,52
23650457,9,5,54
23650458,10,5,52
23650459,0,0,66
23650460,9,5,58
23650461,0,0,52
23650462,0,0,44
23650463,19,15,81
23650464,0,0,45
23650465,18,11,60
23650466,14,8,57
23650467,0,0,49
23650468,11,6,55
23650469,8,5,59
23650470,0,0,52
23650471,0,0,53
23650472,0,0,50
23650473,0,0,65
23650474,0,0,48
23650475,81,175,216
23650476,78,166,214
23650477,84,250,299
23650478,81,217,267
23650479,34,39,114
23650480,10,7,73
23650481,0,0,41
23650482,9,6,64
23650483,10,5,51
23650484,0,0,60
23650485,11,5,47
23650486,0,0,57
23650487,0,0,46
23650488,0,0,56
23650489,0,0,65
23650490,14,9,64
23650491,15,10,68
23650492,0,0,52
23650493,9,5,55
23650494,0,0,56
23650495,0,0,52
23650496,0,0,80
23650497,0,0,84
23650498,0,0,31
23650499,0,0,47
23650500,0,0,44
23650501,0,0,35
23650502,30,20,67
23650503,0,0,56
23650504,0,0,44
23650505,0,0,46
23650506,0,0,49
23650507,0,0,42
23650508,0,0,46
23650509,0,0,39
23650510,0,0,29
23650511,0,0,43
23650512,7,5,72
23650513,0,0,53
23650514,14,9,66
23650515,0,0,62
23650516,0,0,42
23650517,0,0,55
23650518,0,0,76
23650519,0,0,61
23650520,0,0,66
23650521,0,0,68
23650522,0,0,42
23650523,6,5,83
23650524,0,0,67
23650525,12,6,49
23650526,0,0,50
23650527,0,0,44
23650528,16,12,77
23650529,11,5,45
23650530,0,0,59
23650531,29,21,73
23650532,91,153,168
23650533,12,5,42
23650534,0,0,41
23650535,0,0,48
23650536,24,22,91
23650537,16,9,58
23650538,0,0,39
23650539,0,0,47
23650540,10,5,50
23650541,0,0,48
23650542,69,138,200
23650543,68,142,208
23650544,0,0,50
23650545,14,12,87
23650546,0,0,40
23650547,0,0,43
23650548,0,0,75
23650549,0,0,68
23650550,0,0,28
23650551,0,0,38
23650552,0,0,45
23650553,0,0,51
23650554,0,0,42
23650555,0,0,41
23650556,14,7,51
23650557,0,0,54
23650558,0,0,43
23650559,0,0,51
23650560,0,0,97
23650561,0,0,114
23650562,0,0,84
23650563,0,0,85
23650564,0,0,104
23650565,0,0,96
23650566,10,8,77
23650567,0,0,76
23650568,0,0,23
23650569,11,5,46
23650570,0,0,89
23650571,0,0,74
23650572,7,5,75
23650573,29,25,87
23650574,8,6,79
23650575,8,6,73
23650576,0,0,71
23650577,0,0,52
23650578,0,0,88
23650579,18,20,109
23650580,20,19,97
23650581,24,29,119
23650582,17,19,111
23650583,10,12,116
23650584,8,7,90
23650585,0,0,75
23650586,0,0,78
23650587,0,0,76
23650588,0,0,75
23650589,0,0,73
23650590,0,0,91
23650591,0,0,74
23650592,0,0,68
23650593,10,11,109
23650594,0,0,84
23650595,0,0,92
23650596,0,0,97
23650597,0,0,92
23650598,9,10,113
23650599,5,5,110
23650600,35,53,153
23650601,23,25,108
23650602,0,0,65
23650603,51,72,142
23650604,31,47,153
23650605,7,6,87
23650606,5,6,118
23650607,5,5,96
23650608,75,218,291
23650609,79,247,312
23650610,0,0,99
23650611,0,0,91
23650612,41,52,127
23650613,36,42,118
23650614,42,52,123
23650615,14,15,111
23650616,30,58,194
23650617,38,62,162
23650618,42,68,163
23650619,44,51,117
23650620,57,94,165
23650621,56,89,160
23650622,17,19,113
23650623,14,16,112
23650624,16,16,100
23650625,48,78,164
23650626,9,7,78
23650627,10,5,52
23650628,11,7,65
23650629,0,0,39
23650630,0,0,42
23650631,0,0,43
23650632,10,5,50
23650633,0,0,58
23650634,0,0,80
23650635,8,5,61
23650636,6,5,77
23650637,6,6,99
23650638,0,0,94
23650639,20,17,87
23650640,0,0,0
23650641,14,16,115
23650642,28,30,107
23650643,0,0,39
23650644,34,38,112
23650645,7,6,92
23650646,32,49,152
23650647,5,5,104
23650648,0,0,48
23650649,6,5,85
23650650,0,0,86
23650651,23,28,121
23650652,11,14,122
23650653,11,11,101
23650654,0,0,45
23650655,0,0,54
23650656,23,24,103
23650657,6,5,77
23650658,0,0,45
23650659,0,0,64
23650660,9,5,55
23650661,0,0,44
23650662,16,10,63
23650663,0,0,52
23650664,0,0,51
23650665,0,0,62
23650666,0,0,52
23650667,0,0,68
23650668,0,0,102
23650669,0,0,0
23650670,3,5,187
23650671,0,0,123
23650672,4,6,166
23650673,24,19,78
23650674,4,5,114
23650675,10,10,105
23650676,33,37,112
23650677,19,16,85
23650678,0,0,40
23650679,27,20,73
23650680,0,0,59
23650681,31,34,109
23650682,91,234,257
23650683,75,132,176
23650684,9,9,96
23650685,41,63,154
23650686,0,0,0
23650687,42,60,144
23650688,0,0,1
23650689,25,41,165
23650690,45,68,152
23650691,56,90,160
23650692,64,109,171
23650693,12,15,125
23650694,24,28,119
23650695,24,43,177
23650696,0,0,114
23650697,8,15,184
23650698,0,0,97
23650699,0,0,90
23650700,7,6,81
23650701,79,165,210
23650702,22,24,110
23650703,13,13,104
23650704,39,48,122
23650705,62,106,171
23650706,61,124,202
23650707,27,36,132
23650708,21,15,73
23650709,57,113,199
23650710,74,136,184
23650711,70,132,188
23650712,0,0,36
23650713,61,78,127
23650714,10,6,63
23650715,80,205,257
23650716,0,0,41
23650717,28,26,93
23650718,73,162,221
23650719,69,144,208
23650720,76,163,214
23650721,79,218,275
23650722,75,168,224
23650723,9,6,70
23650724,22,23,104
23650725,19,20,104
23650726,9,7,75
23650727,34,43,125
23650728,0,0,63
23650729,13,16,123
23650730,19,17,90
23650731,23,21,90
23650732,9,7,81
23650733,12,11,89
23650734,0,0,92
23650735,10,8,80
23650736,0,0,51
23650737,0,0,53
23650738,0,0,64
23650739,0,0,38
23650740,0,0,54
23650741,0,0,53
23650742,0,0,39
23650743,14,8,59
23650744,0,0,51
23650745,0,0,32
23650746,0,0,62
23650747,0,0,43
23650748,0,0,71
23650749,0,0,60
23650750,0,0,60
23650751,0,0,39
23650752,0,0,123
23650753,0,0,83
23650754,0,0,53
23650755,0,0,31
23650756,0,0,58
23650757,0,0,47
23650758,0,0,52
23650759,0,0,46
23650760,0,0,40
23650761,0,0,40
23650762,0,0,44
23650763,0,0,40
23650764,10,5,49
23650765,14,5,37
23650766,0,0,63
23650767,8,5,66
23650768,0,0,42
23650769,0,0,46
23650770,0,0,45
23650771,0,0,43
23650772,0,0,54
23650773,16,9,56
23650774,0,0,46
23650775,0,0,48
23650776,0,0,45
23650777,0,0,51
23650778,0,0,47
23650779,0,0,43
23650780,11,5,47
23650781,73,129,176
23650782,0,0,55
23650783,0,0,51
23650784,0,0,41
23650785,0,0,40
23650786,0,0,62
23650787,9,5,58
23650788,0,0,45
23650789,0,0,48
23650790,0,0,46
23650791,0,0,70
23650792,7,5,68
23650793,0,0,54
23650794,13,5,38
23650795,0,0,46
23650796,11,5,47
23650797,17,7,41
23650798,78,143,183
23650799,0,0,80
23650800,0,0,42
23650801,0,0,59
23650802,0,0,39
23650803,11,5,47
23650804,12,5,42
23650805,0,0,40
23650806,0,0,53
23650807,0,0,44
23650808,0,0,48
23650809,0,0,47
23650810,0,0,58
23650811,24,27,112
23650812,52,66,127
23650813,0,0,48
23650814,0,0,50
23650815,0,0,35
23650816,0,0,85
23650817,0,0,54
23650818,0,0,42
23650819,0,0,43
23650820,0,0,34
23650821,0,0,46
23650822,0,0,29
23650823,18,8,44
23650824,11,5,45
23650825,0,0,40
23650826,0,0,27
23650827,0,0,38
23650828,0,0,51
23650829,0,0,46
23650830,0,0,48
23650831,24,20,82
23650832,24,23,96
23650833,11,5,45
23650834,0,0,56
23650835,0,0,42
23650836,0,0,48
23650837,0,0,53
23650838,0,0,49
23650839,0,0,32
23650840,32,36,113
23650841,24,17,71
23650842,31,17,54
23650843,44,44,99
23650844,24,26,109
23650845,12,7,59
23650846,17,12,70
23650847,0,0,55
23650848,0,0,47
23650849,21,16,75
23650850,0,0,46
23650851,40,34,84
23650852,0,0,61
23650853,7,5,76
23650854,0,0,54
23650855,0,0,51
23650856,0,0,52
23650857,10,5,52
23650858,11,5,47
23650859,0,0,58
23650860,7,5,67
23650861,30,21,71
23650862,0,0,63
23650863,10,5,49
23650864,0,0,57
23650865,15,11,71
23650866,0,0,46
23650867,0,0,51
23650868,8,5,61
23650869,43,50,116
23650870,22,16,74
23650871,0,0,50
23650872,9,5,55
23650873,0,0,53
23650874,9,5,55
23650875,11,7,61
23650876,11,6,57
23650877,0,0,48
23650878,16,10,64
23650879,0,0,32
23650880,8,6,72
23650881,0,0,124
23650882,4,5,137
23650883,61,139,227
23650884,41,41,101
23650885,0,0,69
23650886,62,117,189
23650887,0,0,68
23650888,0,0,38
23650889,0,0,78
23650890,0,0,48
23650891,0,0,30
23650892,0,0,42
23650893,0,0,45
23650894,10,5,48
23650895,0,0,38
23650896,10,6,60
23650897,0,0,50
23650898,0,0,38
23650899,10,5,52
23650900,0,0,44
23650901,13,12,92
23650902,0,0,51
23650903,0,0,28
23650904,0,0,56
23650905,0,0,43
23650906,9,5,58
23650907,0,0,61
23650908,19,11,58
23650909,55,70,128
23650910,0,0,33
23650911,0,0,43
23650912,0,0,69
23650913,0,0,35
23650914,13,5,38
23650915,0,0,52
23650916,0,0,44
23650917,6,5,77
23650918,55,60,110
23650919,11,7,62
23650920,10,5,49
23650921,10,5,49
23650922,0,0,41
23650923,0,0,44
23650924,0,0,41
23650925,0,0,40
23650926,0,0,43
23650927,11,5,47
23650928,0,0,45
23650929,0,0,38
23650930,0,0,44
23650931,14,6,44
23650932,0,0,52
23650933,0,0,38
23650934,45,57,127
23650935,71,121,170
23650936,79,220,279
23650937,78,211,272
23650938,72,184,255
23650939,61,115,190
23650940,76,128,169
23650941,62,100,162
23650942,61,81,133
23650943,51,57,112
23650944,7,12,174
23650945,17,59,339
23650946,90,273,305
23650947,84,223,267
23650948,86,234,271
23650949,54,125,233
23650950,68,118,173
23650951,85,191,225
23650952,61,88,144
23650953,16,13,81
23650954,0,0,53
23650955,30,18,60
23650956,73,167,228
23650957,0,0,0
23650958,32,54,167
23650959,0,0,81
23650960,0,0,0
23650961,0,0,0
23650962,0,0,94
23650963,0,0,68
23650964,0,0,41
23650965,0,0,0
23650966,0,0,117
23650967,0,0,49
23650968,5,5,105
23650969,0,0,0
23650970,10,11,109
23650971,0,0,84
23650972,0,0,210
23650973,0,0,0
23650974,0,0,138
23650975,0,0,0
23650976,19,30,159
23650977,56,82,146
23650978,15,16,107
23650979,0,0,0
23650980,0,0,0
23650981,8,8,96
23650982,0,0,124
23650983,76,209,274
23650984,0,0,50
23650985,70,163,234
23650986,28,30,109
23650987,18,19,105
23650988,9,5,54
23650989,6,5,88
23650990,0,0,0
23650991,20,28,139
23650992,24,19,78
23650993,0,0,0
23650994,13,14,108
23650995,6,5,89
23650996,0,0,64
23650997,0,0,0
23650998,0,0,83
23650999,0,0,0
23651000,0,0,80
23651001,0,0,66
23651002,26,24,94
23651003,0,0,0
23651004,0,0,88
23651005,0,0,0
23651006,5,5,93
23651007,15,12,81
23651008,26,36,139
23651009,12,15,130
23651010,17,14,84
23651011,35,70,201
23651012,46,65,141
23651013,38,55,143
23651014,6,5,86
23651015,30,23,77
23651016,7,5,72
23651017,0,0,56
23651018,0,0,56
23651019,0,0,72
23651020,0,0,53
23651021,0,0,45
23651022,0,0,43
23651023,0,0,52
23651024,0,0,49
23651025,0,0,45
23651026,0,0,54
23651027,0,0,50
23651028,10,7,67
23651029,0,0,56
23651030,0,0,46
23651031,15,10,66
23651032,0,0,76
23651033,0,0,49
23651034,0,0,67
23651035,0,0,66
23651036,0,0,67
23651037,0,0,54
23651038,0,0,57
23651039,0,0,45
23651040,9,5,55
23651041,0,0,53
23651042,9,5,53
23651043,0,0,62
23651044,0,0,58
23651045,0,0,50
23651046,14,10,69
23651047,72,157,219
23651048,0,0,44
23651049,0,0,43
23651050,0,0,51
23651051,0,0,58
23651052,0,0,49
23651053,0,0,56
23651054,0,0,41
23651055,0,0,51
23651056,10,7,68
23651057,0,0,65
23651058,0,0,60
23651059,0,0,43
23651060,80,208,259
23651061,70,169,242
23651062,87,234,269
23651063,69,166,240
23651064,40,65,161
23651065,0,0,50
23651066,0,0,58
23651067,0,0,50
23651068,0,0,59
23651069,0,0,53
23651070,0,0,59
23651071,10,7,70
23651072,0,0,96
23651073,0,0,93
23651074,18,14,76
23651075,0,0,40
23651076,12,6,52
23651077,0,0,77
23651078,0,0,71
23651079,54,97,178
23651080,10,8,84
23651081,0,0,51
23651082,0,0,50
23651083,0,0,45
23651084,9,5,54
23651085,0,0,49
23651086,0,0,51
23651087,0,0,49
23651088,0,0,38
23651089,0,0,46
23651090,0,0,70
23651091,0,0,70
23651092,0,0,64
23651093,0,0,44
23651094,0,0,55
23651095,0,0,54
23651096,9,5,54
23651097,0,0,37
23651098,0,0,48
23651099,0,0,39
23651100,0,0,42
23651101,11,5,47
23651102,0,0,46
23651103,0,0,46
23651104,14,8,59
23651105,0,0,36
23651106,0,0,70
23651107,0,0,52
23651108,0,0,40
23651109,0,0,60
23651110,11,5,46
23651111,0,0,40
23651112,0,0,86
23651113,0,0,39
23651114,0,0,49
23651115,0,0,54
23651116,0,0,55
23651117,18,11,60
23651118,12,7,58
23651119,0,0,61
23651120,0,0,64
23651121,0,0,54
23651122,0,0,52
23651123,0,0,47
23651124,10,7,72
23651125,0,0,68
23651126,0,0,54
23651127,0,0,65
23651128,0,0,45
23651129,0,0,57
23651130,0,0,53
23651131,0,0,53
23651132,0,0,45
23651133,0,0,40
23651134,0,0,45
23651135,0,0,50
23651136,8,11,135
23651137,0,0,93
23651138,50,51,102
23651139,35,33,95
23651140,0,0,79
23651141,67,130,195
23651142,77,200,260
23651143,33,42,127
23651144,78,208,268
23651145,60,78,131
23651146,21,21,100
23651147,0,0,81
23651148,19,14,72
23651149,30,32,105
23651150,0,0,83
23651151,4,5,112
23651152,42,50,120
23651153,0,0,83
23651154,57,77,136
23651155,56,89,158
23651156,30,32,106
23651157,60,91,152
23651158,45,64,143
23651159,76,175,231
23651160,72,186,259
23651161,37,48,131
23651162,72,150,207
23651163,58,96,166
23651164,52,91,176
23651165,0,0,62
23651166,37,34,92
23651167,0,0,57
23651168,7,6,81
23651169,11,9,83
23651170,0,0,61
23651171,47,22,47
23651172,0,0,109
23651173,5,5,99
23651174,0,0,71
23651175,0,0,32
23651176,0,0,36
23651177,0,0,47
23651178,0,0,33
23651179,0,0,57
23651180,0,0,41
23651181,0,0,25
23651182,0,0,49
23651183,0,0,36
23651184,0,0,60
23651185,11,12,107
23651186,0,0,58
23651187,0,0,32
23651188,0,0,67
23651189,25,13,52
23651190,9,10,112
23651191,14,10,74
23651192,14,11,78
23651193,0,0,60
23651194,72,51,71
23651195,84,254,302
23651196,57,142,251
23651197,84,255,302
23651198,0,0,62
23651199,0,0,33
23651200,62,135,219
23651201,0,0,99
23651202,0,0,109
23651203,18,19,106
23651204,34,37,108
23651205,34,47,140
23651206,14,12,85
23651207,0,0,61
23651208,6,7,116
23651209,0,0,74
23651210,0,0,67
23651211,0,0,79
23651212,0,0,76
23651213,0,0,70
23651214,0,0,73
23651215,0,0,71
23651216,0,0,77
23651217,8,7,84
23651218,14,11,81
23651219,7,5,76
23651220,12,11,92
23651221,0,0,74
23651222,0,0,73
23651223,6,6,96
23651224,0,0,81
23651225,14,15,111
23651226,0,0,87
23651227,0,0,84
23651228,0,0,72
23651229,6,6,99
23651230,13,13,98
23651231,6,5,87
23651232,0,0,87
23651233,7,5,75
23651234,18,14,79
23651235,0,0,56
23651236,0,0,53
23651237,0,0,44
23651238,0,0,64
23651239,7,5,73
23651240,7,5,69
23651241,7,5,68
23651242,10,6,60
23651243,14,12,88
23651244,0,0,61
23651245,0,0,60
23651246,21,22,103
23651247,9,7,79
23651248,20,16,80
23651249,0,0,58
23651250,0,0,52
23651251,47,67,144
23651252,60,112,187
23651253,54,81,151
23651254,59,106,180
23651255,0,0,90
23651256,11,6,56
23651257,0,0,62
23651258,8,5,62
23651259,0,0,54
23651260,0,0,57
23651261,0,0,40
23651262,0,0,56
23651263,0,0,55
23651264,0,0,61
23651265,0,0,94
23651266,6,5,90
23651267,0,0,67
23651268,41,51,123
23651269,6,5,87
23651270,0,0,105
23651271,0,0,79
23651272,9,13,139
23651273,0,0,73
23651274,18,21,116
23651275,0,0,90
23651276,0,0,139
23651277,65,146,223
23651278,0,0,83
23651279,7,6,84
23651280,0,0,90
23651281,11,11,100
23651282,0,0,99
23651283,0,0,76
23651284,0,0,123
23651285,0,0,141
23651286,5,5,98
23651287,69,123,179
23651288,7,8,114
23651289,9,12,127
23651290,0,0,112
23651291,27,51,192
23651292,11,17,149
23651293,0,0,110
23651294,6,5,85
23651295,0,0,90
23651296,22,34,154
23651297,6,5,85
23651298,10,8,81
23651299,6,6,95
23651300,6,5,79
23651301,10,10,101
23651302,0,0,94
23651303,14,25,177
23651304,8,10,129
23651305,0,0,129
23651306,10,8,84
23651307,6,6,96
23651308,17,15,89
23651309,0,0,96
23651310,0,0,96
23651311,8,7,92
23651312,11,10,90
23651313,0,0,100
23651314,10,16,155
23651315,8,5,63
23651316,6,6,107
23651317,8,12,154
23651318,0,0,116
23651319,11,13,121
23651320,0,0,108
23651321,4,5,120
23651322,13,11,84
23651323,9,11,121
23651324,0,0,104
23651325,0,0,104
23651326,0,0,89
23651327,4,5,122
23651328,21,17,80
23651329,0,0,58
23651330,0,0,141
23651331,0,0,105
23651332,0,0,98
23651333,0,0,115
23651334,11,10,95
23651335,8,10,119
23651336,6,6,99
23651337,5,6,113
23651338,6,6,94
23651339,0,0,108
23651340,0,0,81
23651341,11,13,116
23651342,0,0,110
23651343,0,0,93
23651344,0,0,108
23651345,0,0,88
23651346,0,0,82
23651347,0,0,108
23651348,0,0,99
23651349,0,0,95
23651350,0,0,108
23651351,9,10,117
23651352,0,0,91
23651353,0,0,85
23651354,0,0,94
23651355,0,0,94
23651356,0,0,89
23651357,9,10,111
23651358,0,0,95
23651359,0,0,102
23651360,0,0,89
23651361,5,5,107
23651362,0,0,61
23651363,16,15,95
23651364,0,0,85
23651365,0,0,91
23651366,0,0,92
23651367,0,0,73
23651368,0,0,90
23651369,0,0,89
23651370,0,0,105
23651371,6,5,81
23651372,0,0,103
23651373,0,0,100
23651374,0,0,67
23651375,9,10,117
23651376,0,0,94
23651377,0,0,101
23651378,0,0,78
23651379,0,0,88
23651380,0,0,95
23651381,5,5,99
23651382,0,0,92
23651383,5,5,108
23651384,0,0,111
23651385,0,0,69
23651386,6,5,86
23651387,0,0,99
23651388,0,0,98
23651389,96,304,317
23651390,72,155,215
23651391,0,0,93
23651392,0,0,71
23651393,0,0,86
23651394,0,0,98
23651395,5,5,93
23651396,0,0,87
23651397,0,0,52
23651398,14,11,76
23651399,0,0,46
23651400,19,17,88
23651401,0,0,110
23651402,9,6,68
23651403,0,0,83
23651404,0,0,95
23651405,0,0,87
23651406,19,19,100
23651407,15,17,112
23651408,0,0,35
23651409,6,5,87
23651410,0,0,74
23651411,29,33,115
23651412,8,7,90
23651413,11,10,90
23651414,5,5,101
23651415,9,7,80
23651416,8,6,74
23651417,30,49,163
23651418,53,87,165
23651419,11,12,110
23651420,23,23,100
23651421,26,37,140
23651422,17,18,109
23651423,7,7,105
23651424,58,111,190
23651425,34,49,145
23651426,14,22,157
23651427,0,0,100
23651428,0,0,58
23651429,25,13,52
23651430,0,0,49
23651431,15,10,66
23651432,0,0,48
23651433,0,0,45
23651434,0,0,48
23651435,0,0,45
23651436,0,0,54
23651437,0,0,55
23651438,13,7,52
23651439,0,0,48
23651440,7,5,69
23651441,0,0,54
23651442,0,0,38
23651443,0,0,51
23651444,0,0,46
23651445,0,0,47
23651446,0,0,54
23651447,0,0,58
23651448,0,0,60
23651449,0,0,36
23651450,10,5,50
23651451,7,5,69
23651452,0,0,36
23651453,8,6,71
23651454,11,6,57
23651455,0,0,69
23651456,0,0,178
23651457,5,14,269
23651458,49,86,174
23651459,0,0,84
23651460,0,0,72
23651461,46,62,136
23651462,75,145,193
23651463,10,10,96
23651464,0,0,68
23651465,0,0,79
23651466,50,101,203
23651467,31,37,121
23651468,13,12,92
23651469,70,155,220
23651470,67,120,180
23651471,15,12,78
23651472,0,0,58
23651473,0,0,38
23651474,0,0,39
23651475,0,0,50
23651476,0,0,35
23651477,0,0,43
23651478,0,0,56
23651479,0,0,69
23651480,0,0,60
23651481,13,6,47
23651482,0,0,43
23651483,0,0,41
23651484,0,0,54
23651485,0,0,53
23651486,0,0,73
23651487,0,0,63
23651488,0,0,70
23651489,0,0,65
23651490,6,5,78
23651491,0,0,61
23651492,8,5,63
23651493,0,0,49
23651494,0,0,52
23651495,0,0,47
23651496,0,0,63
23651497,0,0,46
23651498,0,0,53
23651499,0,0,68
23651500,0,0,46
23651501,0,0,87
23651502,0,0,55
23651503,0,0,57
23651504,0,0,55
23651505,13,6,47
23651506,0,0,52
23651507,0,0,51
23651508,64,94,148
23651509,0,0,64
23651510,0,0,64
23651511,0,0,56
23651512,0,0,60
23651513,0,0,72
23651514,0,0,68
23651515,0,0,56
23651516,6,5,83
23651517,0,0,67
23651518,0,0,195
23651519,0,0,85
23651520,0,0,93
23651521,0,0,135
23651522,0,0,89
23651523,0,0,76
23651524,0,0,64
23651525,0,0,50
23651526,0,0,60
23651527,0,0,64
23651528,0,0,57
23651529,0,0,57
23651530,0,0,59
23651531,0,0,48
23651532,0,0,49
23651533,0,0,73
23651534,0,0,54
23651535,0,0,65
23651536,0,0,68
23651537,0,0,74
23651538,0,0,72
23651539,19,13,70
23651540,15,10,68
23651541,12,6,51
23651542,0,0,55
23651543,0,0,53
23651544,0,0,54
23651545,0,0,44
23651546,0,0,51
23651547,0,0,45
23651548,11,5,45
23651549,10,5,48
23651550,8,5,63
23651551,11,6,53
23651552,18,12,66
23651553,13,12,92
23651554,15,8,54
23651555,0,0,45
23651556,0,0,49
23651557,0,0,55
23651558,0,0,39
23651559,9,5,54
23651560,0,0,43
23651561,6,5,77
23651562,0,0,49
23651563,0,0,43
23651564,0,0,47
23651565,0,0,49
23651566,13,6,45
23651567,0,0,49
23651568,0,0,47
23651569,0,0,51
23651570,0,0,48
23651571,0,0,47
23651572,0,0,49
23651573,0,0,54
23651574,0,0,52
23651575,0,0,56
23651576,0,0,65
23651577,0,0,51
23651578,0,0,57
23651579,0,0,53
23651580,0,0,48
23651581,0,0,66
23651582,0,0,62
23651583,13,6,48
23651584,0,0,78
23651585,5,6,112
23651586,20,17,84
23651587,13,9,70
23651588,15,8,52
23651589,11,6,57
23651590,0,0,51
23651591,0,0,47
23651592,10,5,48
23651593,0,0,125
23651594,0,0,79
23651595,0,0,59
23651596,0,0,64
23651597,7,7,97
23651598,0,0,34
23651599,0,0,81
23651600,0,0,48
23651601,14,8,57
23651602,16,11,68
23651603,0,0,47
23651604,0,0,54
23651605,0,0,56
23651606,0,0,58
23651607,9,5,58
23651608,0,0,45
23651609,0,0,41
23651610,0,0,44
23651611,0,0,61
23651612,0,0,44
23651613,0,0,41
23651614,0,0,59
23651615,0,0,62
23651616,0,0,46
23651617,54,52,96
23651618,54,64,119
23651619,0,0,53
23651620,0,0,45
23651621,0,0,58
23651622,0,0,44
23651623,17,11,63
23651624,0,0,69
23651625,0,0,60
23651626,0,0,54
23651627,10,6,58
23651628,0,0,47
23651629,0,0,48
23651630,0,0,52
23651631,0,0,50
23651632,0,0,67
23651633,0,0,38
23651634,0,0,58
23651635,0,0,43
23651636,0,0,49
23651637,0,0,65
23651638,8,5,59
23651639,0,0,51
23651640,0,0,57
23651641,0,0,67
23651642,0,0,54
23651643,73,99,135
23651644,70,115,165
23651645,65,94,145
23651646,64,86,135
23651647,70,112,161
23651648,0,0,97
23651649,17,23,138
23651650,62,76,123
23651651,58,73,126
23651652,64,88,138
23651653,68,91,134
23651654,55,72,131
23651655,54,55,102
23651656,66,104,158
23651657,77,124,162
23651658,12,16,135
23651659,22,65,302
23651660,80,201,250
23651661,76,162,214
23651662,10,5,49
23651663,17,11,65
23651664,18,19,106
23651665,11,14,128
23651666,10,6,59
23651667,0,0,50
23651668,0,0,59
23651669,0,0,34
23651670,11,7,61
23651671,9,5,53
23651672,0,0,32
23651673,8,5,60
23651674,0,0,46
23651675,0,0,45
23651676,0,0,48
23651677,0,0,55
23651678,7,5,68
23651679,0,0,48
23651680,0,0,59
23651681,0,0,47
23651682,0,0,52
23651683,0,0,46
23651684,0,0,43
23651685,0,0,59
23651686,0,0,48
23651687,0,0,49
23651688,0,0,58
23651689,0,0,52
23651690,0,0,40
23651691,0,0,48
23651692,0,0,54
23651693,0,0,47
23651694,0,0,55
23651695,0,0,62
23651696,0,0,53
23651697,0,0,56
23651698,0,0,62
23651699,8,5,59
23651700,0,0,60
23651701,38,47,124
23651702,47,56,119
23651703,45,72,159
23651704,0,0,65
23651705,0,0,62
23651706,0,0,73
23651707,0,0,71
23651708,0,0,68
23651709,0,0,76
23651710,0,0,56
23651711,0,0,47
23651712,0,0,96
23651713,0,0,67
23651714,0,0,70
23651715,0,0,98
23651716,79,165,208
23651717,76,164,217
23651718,79,206,260
23651719,95,361,379
23651720,92,267,290
23651721,82,208,253
23651722,0,0,119
23651723,70,155,223
23651724,70,153,220
23651725,64,93,146
23651726,45,61,136
23651727,0,0,73
23651728,0,0,79
23651729,6,5,85
23651730,43,53,123
23651731,31,37,120
23651732,0,0,84
23651733,0,0,94
23651734,0,0,57
23651735,0,0,51
23651736,0,0,59
23651737,0,0,47
23651738,0,0,57
23651739,0,0,49
23651740,0,0,55
23651741,75,141,187
23651742,31,32,103
23651743,0,0,59
23651744,0,0,71
23651745,0,0,55
23651746,0,0,56
23651747,0,0,66
23651748,0,0,67
23651749,0,0,67
23651750,0,0,58
23651751,6,5,77
23651752,0,0,70
23651753,0,0,64
23651754,0,0,57
23651755,0,0,55
23651756,8,5,62
23651757,0,0,50
23651758,0,0,56
23651759,0,0,59
23651760,64,99,154
23651761,50,63,127
23651762,37,49,132
23651763,55,78,141
23651764,82,229,280
23651765,90,258,286
23651766,59,88,150
23651767,0,0,79
23651768,0,0,66
23651769,0,0,71
23651770,47,63,135
23651771,38,40,104
23651772,65,102,157
23651773,50,77,153
23651774,0,0,112
23651775,6,5,88
23651776,0,0,106
23651777,0,0,111
23651778,0,0,114
23651779,0,0,46
23651780,0,0,64
23651781,0,0,52
23651782,14,10,70
23651783,0,0,69
23651784,0,0,55
23651785,0,0,47
23651786,0,0,54
23651787,0,0,48
23651788,0,0,53
23651789,17,11,64
23651790,61,109,179
23651791,0,0,62
23651792,0,0,73
23651793,9,8,85
23651794,0,0,53
23651795,9,5,55
23651796,0,0,42
23651797,0,0,60
23651798,0,0,50
23651799,0,0,55
23651800,7,6,86
23651801,0,0,55
23651802,0,0,30
23651803,7,5,67
23651804,0,0,61
23651805,0,0,47
23651806,0,0,55
23651807,0,0,44
23651808,0,0,35
23651809,0,0,42
23651810,0,0,42
23651811,0,0,39
23651812,0,0,59
23651813,0,0,52
23651814,0,0,57
23651815,0,0,52
23651816,0,0,51
23651817,0,0,51
23651818,0,0,26
23651819,0,0,53
23651820,0,0,43
23651821,0,0,50
23651822,0,0,54
23651823,0,0,58
23651824,0,0,36
23651825,11,6,53
23651826,20,12,59
23651827,0,0,45
23651828,14,7,50
23651829,0,0,39
23651830,0,0,49
23651831,0,0,56
23651832,0,0,45
23651833,0,0,47
23651834,0,0,45
23651835,10,6,59
23651836,0,0,34
23651837,0,0,49
23651838,0,0,40
23651839,0,0,58
23651840,68,129,190
23651841,0,0,163
23651842,0,0,286
23651843,0,0,53
23651844,0,0,80
23651845,0,0,82
23651846,0,0,72
23651847,0,0,68
23651848,0,0,92
23651849,0,0,65
23651850,0,0,77
23651851,0,0,71
23651852,0,0,74
23651853,0,0,66
23651854,0,0,40
23651855,0,0,79
23651856,0,0,65
23651857,0,0,53
23651858,0,0,71
23651859,0,0,71
23651860,0,0,84
23651861,0,0,83
23651862,14,14,101
23651863,0,0,68
23651864,0,0,106
23651865,0,0,46
23651866,9,7,75
23651867,0,0,59
23651868,0,0,47
23651869,0,0,48
23651870,12,6,52
23651871,0,0,95
23651872,0,0,52
23651873,0,0,49
23651874,0,0,51
23651875,0,0,77
23651876,0,0,40
23651877,0,0,60
23651878,0,0,46
23651879,0,0,42
23651880,0,0,51
23651881,0,0,52
23651882,0,0,56
23651883,17,12,70
23651884,82,198,241
23651885,73,165,225
23651886,67,148,220
23651887,70,149,212
23651888,67,145,217
23651889,9,6,65
23651890,0,0,59
23651891,0,0,85
23651892,0,0,58
23651893,8,5,62
23651894,0,0,63
23651895,0,0,50
23651896,0,0,53
23651897,0,0,54
23651898,0,0,55
23651899,0,0,50
23651900,0,0,53
23651901,0,0,66
23651902,19,14,72
23651903,0,0,55
23651904,0,0,91
23651905,0,0,64
23651906,0,0,127
23651907,5,6,130
23651908,36,44,121
23651909,10,16,156
23651910,0,0,137
23651911,4,5,118
23651912,15,23,158
23651913,6,7,125
23651914,0,0,0
23651915,0,0,94
23651916,0,0,101
23651917,10,10,97
23651918,6,5,89
23651919,10,7,70
23651920,6,5,78
23651921,6,5,88
23651922,0,0,79
23651923,0,0,89
23651924,0,0,81
23651925,7,6,92
23651926,0,0,87
23651927,0,0,65
23651928,0,0,75
23651929,0,0,39
23651930,0,0,105
23651931,14,15,108
23651932,20,12,61
23651933,0,0,68
23651934,16,14,87
23651935,27,20,73
23651936,19,14,74
23651937,9,8,87
23651938,27,22,82
23651939,0,0,0
23651940,9,10,114
23651941,13,8,60
23651942,0,0,62
23651943,35,25,72
23651944,64,110,173
23651945,6,6,95
23651946,39,40,103
23651947,8,6,77
23651948,0,0,46
23651949,0,0,68
23651950,14,5,36
23651951,5,5,99
23651952,24,18,74
23651953,9,5,58
23651954,0,0,50
23651955,0,0,78
23651956,26,20,76
23651957,14,10,71
23651958,14,10,70
23651959,44,56,127
23651960,7,6,82
23651961,0,0,62
23651962,0,0,66
23651963,0,0,67
23651964,0,0,0
23651965,0,0,111
23651966,0,0,67
23651967,0,0,37
23651968,0,0,110
23651969,0,0,98
23651970,0,0,39
23651971,0,0,43
23651972,0,0,46
23651973,0,0,63
23651974,0,0,59
23651975,0,0,63
23651976,0,0,49
23651977,0,0,47
23651978,0,0,46
23651979,0,0,52
23651980,0,0,69
23651981,0,0,45
23651982,0,0,55
23651983,26,17,65
23651984,8,5,66
23651985,0,0,61
23651986,0,0,63
23651987,8,5,63
23651988,0,0,64
23651989,0,0,50
23651990,0,0,56
23651991,0,0,40
23651992,0,0,66
23651993,0,0,48
23651994,0,0,59
23651995,0,0,72
23651996,0,0,50
23651997,0,0,60
23651998,0,0,60
23651999,0,0,47
23652000,0,0,51
23652001,61,100,165
23652002,0,0,57
23652003,0,0,55
23652004,0,0,54
23652005,0,0,58
23652006,0,0,40
23652007,0,0,58
23652008,0,0,51
23652009,0,0,57
23652010,0,0,47
23652011,0,0,55
23652012,0,0,66
23652013,0,0,54
23652014,0,0,64
23652015,22,11,50
23652016,0,0,65
23652017,0,0,53
23652018,10,5,48
23652019,15,11,74
23652020,8,5,66
23652021,0,0,54
23652022,0,0,66
23652023,0,0,59
23652024,0,0,53
23652025,0,0,43
23652026,0,0,53
23652027,0,0,54
23652028,0,0,50
23652029,0,0,50
23652030,0,0,51
23652031,0,0,75
23652032,0,0,83
23652033,0,0,107
23652034,21,16,76
23652035,0,0,45
23652036,18,11,60
23652037,0,0,45
23652038,0,0,55
23652039,0,0,46
23652040,0,0,56
23652041,0,0,59
23652042,0,0,53
23652043,0,0,38
23652044,0,0,39
23652045,0,0,48
23652046,0,0,51
23652047,10,6,59
23652048,0,0,47
23652049,10,5,51
23652050,0,0,47
23652051,0,0,45
23652052,37,23,62
23652053,17,11,63
23652054,0,0,45
23652055,15,7,48
23652056,0,0,55
23652057,0,0,52
23652058,0,0,55
23652059,12,5,42
23652060,0,0,49
23652061,0,0,58
23652062,0,0,50
23652063,0,0,35
23652064,0,0,52
23652065,0,0,41
23652066,0,0,51
23652067,0,0,45
23652068,0,0,38
23652069,0,0,49
23652070,0,0,48
23652071,0,0,59
23652072,10,7,69
23652073,31,21,67
23652074,13,8,62
23652075,20,12,61
23652076,9,5,58
23652077,11,7,66
23652078,0,0,60
23652079,0,0,48
23652080,0,0,65
23652081,0,0,52
23652082,27,27,101
23652083,0,0,51
23652084,0,0,53
23652085,16,8,50
23652086,0,0,45
23652087,0,0,46
23652088,81,203,251
23652089,21,15,72
23652090,22,14,65
23652091,0,0,62
23652092,0,0,48
23652093,0,0,54
23652094,0,0,38
23652095,0,0,52
23652096,30,36,121
23652097,0,0,90
23652098,0,0,67
23652099,0,0,74
23652100,0,0,170
23652101,24,31,130
23652102,0,0,104
23652103,59,108,183
23652104,44,69,158
23652105,0,0,58
23652106,0,0,53
23652107,0,0,50
23652108,7,5,71
23652109,0,0,54
23652110,7,6,81
23652111,0,0,58
23652112,19,13,68
23652113,7,5,74
23652114,0,0,66
23652115,0,0,64
23652116,0,0,58
23652117,0,0,61
23652118,0,0,75
23652119,15,11,72
23652120,0,0,71
23652121,0,0,60
23652122,0,0,56
23652123,0,0,60
23652124,11,5,45
23652125,0,0,42
23652126,0,0,66
23652127,11,7,62
23652128,22,12,55
23652129,17,10,58
23652130,0,0,54
23652131,9,5,56
23652132,0,0,52
23652133,0,0,45
23652134,7,5,68
23652135,8,5,62
23652136,0,0,64
23652137,14,7,51
23652138,0,0,39
23652139,20,11,56
23652140,0,0,42
23652141,0,0,64
23652142,0,0,54
23652143,10,5,51
23652144,0,0,46
23652145,0,0,45
23652146,0,0,55
23652147,0,0,37
23652148,18,8,45
23652149,0,0,50
23652150,0,0,50
23652151,0,0,57
23652152,0,0,57
23652153,0,0,38
23652154,0,0,48
23652155,0,0,58
23652156,0,0,64
23652157,0,0,45
23652158,0,0,43
23652159,0,0,63
23652160,0,0,92
23652161,6,7,121
23652162,0,0,46
23652163,0,0,53
23652164,10,5,50
23652165,6,7,116
23652166,9,7,76
23652167,0,0,107
23652168,4,5,127
23652169,0,0,138
23652170,0,0,114
23652171,12,16,134
23652172,0,0,113
23652173,0,0,100
23652174,25,29,114
23652175,17,12,71
23652176,0,0,63
23652177,0,0,106
23652178,0,0,90
23652179,0,0,80
23652180,5,8,161
23652181,0,0,104
23652182,0,0,118
23652183,10,13,132
23652184,35,57,163
23652185,37,71,190
23652186,4,5,112
23652187,0,0,111
23652188,0,0,128
23652189,0,0,101
23652190,0,0,87
23652191,15,10,65
23652192,4,5,117
23652193,0,0,121
23652194,0,0,90
23652195,5,5,103
23652196,5,5,97
23652197,0,0,97
23652198,0,0,99
23652199,0,0,94
23652200,0,0,106
23652201,0,0,98
23652202,12,13,109
23652203,44,73,167
23652204,0,0,108
23652205,0,0,123
23652206,33,47,144
23652207,0,0,121
23652208,0,0,125
23652209,0,0,116
23652210,8,10,126
23652211,6,5,86
23652212,26,37,145
23652213,0,0,113
23652214,20,36,183
23652215,30,49,164
23652216,36,71,200
23652217,62,171,275
23652218,67,176,261
23652219,6,7,122
23652220,7,5,72
23652221,0,0,116
23652222,0,0,118
23652223,0,0,138
23652224,15,29,194
23652225,0,0,145
23652226,0,0,118
23652227,14,13,95
23652228,0,0,102
23652229,9,7,78
23652230,0,0,97
23652231,0,0,140
23652232,0,0,66
23652233,0,0,109
23652234,8,5,65
23652235,0,0,77
23652236,5,6,124
23652237,71,122,173
23652238,38,49,130
23652239,22,33,148
23652240,81,252,312
23652241,41,67,164
23652242,23,26,114
23652243,0,0,106
23652244,10,13,124
23652245,5,7,132
23652246,8,10,124
23652247,0,0,79
23652248,6,9,152
23652249,13,17,132
23652250,9,11,117
23652251,38,48,128
23652252,40,32,80
23652253,42,47,111
23652254,5,7,134
23652255,18,27,147
23652256,0,0,37
23652257,0,0,43
23652258,0,0,44
23652259,0,0,37
23652260,0,0,52
23652261,0,0,54
23652262,0,0,42
23652263,0,0,49
23652264,0,0,43
23652265,0,0,55
23652266,0,0,55
23652267,0,0,45
23652268,0,0,43
23652269,0,0,54
23652270,0,0,59
23652271,0,0,43
23652272,9,5,57
23652273,0,0,50
23652274,10,5,48
23652275,17,12,69
23652276,27,17,63
23652277,0,0,48
23652278,0,0,55
23652279,0,0,41
23652280,0,0,52
23652281,0,0,45
23652282,0,0,56
23652283,0,0,57
23652284,0,0,46
23652285,8,5,60
23652286,0,0,63
23652287,0,0,79
23652288,0,0,144
23652289,0,0,103
23652290,0,0,59
23652291,0,0,65
23652292,0,0,54
23652293,0,0,53
23652294,0,0,56
23652295,0,0,43
23652296,61,116,190
23652297,70,172,245
23652298,66,147,224
23652299,74,210,283
23652300,68,135,199
23652301,75,174,232
23652302,40,51,127
23652303,0,0,59
23652304,0,0,59
23652305,0,0,47
23652306,0,0,49
23652307,0,0,46
23652308,0,0,54
23652309,0,0,54
23652310,0,0,59
23652311,0,0,46
23652312,0,0,51
23652313,0,0,50
23652314,0,0,64
23652315,18,10,57
23652316,0,0,45
23652317,17,10,59
23652318,0,0,51
23652319,0,0,38
23652320,9,5,55
23652321,9,5,54
23652322,0,0,55
23652323,7,5,76
23652324,0,0,44
23652325,0,0,51
23652326,0,0,60
23652327,0,0,47
23652328,0,0,46
23652329,0,0,49
23652330,10,5,51
23652331,34,24,70
23652332,68,168,246
23652333,0,0,58
23652334,0,0,89
23652335,0,0,47
23652336,0,0,89
23652337,0,0,86
23652338,0,0,56
23652339,0,0,48
23652340,0,0,111
23652341,0,0,47
23652342,0,0,43
23652343,0,0,42
23652344,11,5,45
23652345,28,21,76
23652346,62,95,153
23652347,0,0,49
23652348,0,0,44
23652349,0,0,62
23652350,0,0,43
23652351,55,18,33
23652352,6,7,120
23652353,5,5,105
23652354,82,283,347
23652355,0,0,116
23652356,0,0,79
23652357,0,0,103
23652358,0,0,75
23652359,5,6,123
23652360,6,8,133
23652361,0,0,92
23652362,16,16,102
23652363,12,12,98
23652364,9,10,112
23652365,8,6,78
23652366,0,0,98
23652367,0,0,90
23652368,0,0,99
23652369,7,7,104
23652370,12,12,104
23652371,0,0,99
23652372,0,0,202
23652373,12,14,115
23652374,0,0,122
23652375,0,0,180
23652376,0,0,81
23652377,4,5,133
23652378,30,57,187
23652379,16,22,138
23652380,51,101,200
23652381,9,11,127
23652382,5,5,103
23652383,0,0,101
23652384,20,25,123
23652385,0,0,105
23652386,0,0,103
23652387,9,9,101
23652388,0,0,92
23652389,48,100,209
23652390,56,117,208
23652391,43,86,201
23652392,0,0,81
23652393,37,61,166
23652394,0,0,122
23652395,6,9,141
23652396,5,6,124
23652397,0,0,91
23652398,13,10,78
23652399,19,21,109
23652400,33,43,129
23652401,0,0,102
23652402,0,0,101
23652403,0,0,88
23652404,0,0,78
23652405,2,5,282
23652406,0,0,117
23652407,0,0,82
23652408,0,0,70
23652409,0,0,102
23652410,0,0,83
23652411,4,5,123
23652412,14,18,132
23652413,6,6,102
23652414,0,0,86
23652415,0,0,82
23652416,0,0,120
23652417,8,7,90
23652418,0,0,44
23652419,0,0,61
23652420,0,0,52
23652421,0,0,55
23652422,0,0,46
23652423,0,0,37
23652424,0,0,60
23652425,0,0,73
23652426,0,0,38
23652427,14,7,51
23652428,10,6,60
23652429,20,12,61
23652430,11,6,57
23652431,75,144,192
23652432,7,5,70
23652433,8,5,63
23652434,0,0,57
23652435,0,0,55
23652436,0,0,55
23652437,0,0,47
23652438,0,0,54
23652439,0,0,55
23652440,0,0,50
23652441,0,0,57
23652442,0,0,41
23652443,0,0,59
23652444,0,0,46
23652445,18,10,55
23652446,0,0,50
23652447,0,0,54
23652448,0,0,47
23652449,17,17,100
23652450,35,35,100
23652451,0,0,60
23652452,0,0,47
23652453,0,0,44
23652454,0,0,64
23652455,15,10,65
23652456,13,8,60
23652457,0,0,58
23652458,0,0,51
23652459,0,0,54
23652460,0,0,49
23652461,0,0,54
23652462,11,5,45
23652463,0,0,58
23652464,0,0,53
23652465,0,0,55
23652466,0,0,54
23652467,0,0,78
23652468,0,0,55
23652469,11,7,65
23652470,9,6,65
23652471,14,7,49
23652472,12,5,43
23652473,0,0,47
23652474,0,0,46
23652475,0,0,49
23652476,0,0,46
23652477,0,0,53
23652478,0,0,49
23652479,0,0,36
23652480,51,117,230
23652481,36,79,219
23652482,0,0,88
23652483,0,0,49
23652484,0,0,56
23652485,0,0,50
23652486,0,0,55
23652487,0,0,50
23652488,0,0,55
23652489,0,0,41
23652490,0,0,48
23652491,0,0,63
23652492,0,0,43
23652493,0,0,52
23652494,0,0,42
23652495,0,0,41
23652496,0,0,62
23652497,60,129,215
23652498,7,5,76
23652499,23,21,93
23652500,8,5,63
23652501,8,5,59
23652502,0,0,52
23652503,0,0,47
23652504,11,7,62
23652505,28,21,76
23652506,14,8,58
23652507,0,0,50
23652508,18,12,68
23652509,18,13,71
23652510,7,5,69
23652511,0,0,50
23652512,0,0,53
23652513,8,5,61
23652514,0,0,42
23652515,0,0,47
23652516,0,0,50
23652517,0,0,45
23652518,0,0,51
23652519,0,0,73
23652520,0,0,37
23652521,0,0,41
23652522,0,0,60
23652523,0,0,57
23652524,20,16,80
23652525,0,0,56
23652526,0,0,45
23652527,0,0,38
23652528,0,0,44
23652529,0,0,56
23652530,0,0,52
23652531,0,0,47
23652532,9,5,56
23652533,0,0,44
23652534,0,0,46
23652535,0,0,50
23652536,0,0,51
23652537,20,12,60
23652538,32,21,66
23652539,18,12,66
23652540,14,8,56
23652541,0,0,49
23652542,10,6,58
23652543,0,0,61
23652544,0,0,65
23652545,4,5,122
23652546,7,6,84
23652547,0,0,42
23652548,0,0,51
23652549,0,0,50
23652550,0,0,52
23652551,0,0,72
23652552,8,6,71
23652553,0,0,54
23652554,0,0,64
23652555,0,0,50
23652556,10,6,63
23652557,0,0,55
23652558,0,0,41
23652559,0,0,48
23652560,0,0,57
23652561,0,0,60
23652562,0,0,48
23652563,0,0,55
23652564,0,0,76
23652565,9,5,57
23652566,8,6,80
23652567,0,0,56
23652568,60,93,154
23652569,18,14,78
23652570,0,0,48
23652571,0,0,57
23652572,0,0,64
23652573,0,0,58
23652574,0,0,51
23652575,8,5,62
23652576,0,0,57
23652577,0,0,71
23652578,0,0,51
23652579,0,0,55
23652580,9,5,55
23652581,0,0,59
23652582,0,0,56
23652583,0,0,43
23652584,0,0,58
23652585,0,0,47
23652586,0,0,65
23652587,0,0,57
23652588,0,0,48
23652589,0,0,51
23652590,0,0,46
23652591,0,0,92
23652592,0,0,53
23652593,0,0,62
23652594,0,0,47
23652595,0,0,48
23652596,0,0,59
23652597,0,0,48
23652598,0,0,47
23652599,0,0,44
23652600,0,0,48
23652601,0,0,43
23652602,9,5,56
23652603,81,206,255
23652604,83,219,265
23652605,72,181,250
23652606,12,13,110
23652607,0,0,56
23652608,4,5,113
23652609,14,13,92
23652610,29,20,68
23652611,0,0,48
23652612,0,0,37
23652613,65,119,184
23652614,31,30,98
23652615,70,135,194
23652616,0,0,46
23652617,59,70,119
23652618,52,74,142
23652619,0,0,49
23652620,0,0,49
23652621,0,0,41
23652622,0,0,58
23652623,0,0,59
23652624,0,0,46
23652625,0,0,54
23652626,0,0,60
23652627,0,0,37
23652628,0,0,39
23652629,0,0,45
23652630,0,0,59
23652631,0,0,46
23652632,0,0,45
23652633,0,0,52
23652634,0,0,0
23652635,0,0,114
23652636,0,0,37
23652637,0,0,28
23652638,0,0,68
23652639,16,10,63
23652640,0,0,56
23652641,0,0,58
23652642,0,0,47
23652643,0,0,54
23652644,0,0,64
23652645,0,0,70
23652646,0,0,47
23652647,0,0,51
23652648,0,0,50
23652649,0,0,80
23652650,10,5,49
23652651,0,0,50
23652652,0,0,40
23652653,9,8,90
23652654,0,0,44
23652655,0,0,57
23652656,0,0,68
23652657,0,0,65
23652658,0,0,43
23652659,0,0,60
23652660,0,0,60
23652661,10,5,52
23652662,0,0,62
23652663,0,0,69
23652664,0,0,54
23652665,86,151,175
23652666,28,30,106
23652667,6,5,85
23652668,17,17,103
23652669,0,0,64
23652670,0,0,79
23652671,0,0,68
23652672,22,30,135
23652673,6,7,118
23652674,9,8,93
23652675,2,5,242
23652676,16,33,210
23652677,0,0,97
23652678,0,0,0
23652679,8,9,114
23652680,4,5,126
23652681,0,0,60
23652682,0,0,0
23652683,5,5,105
23652684,0,0,58
23652685,0,0,70
23652686,0,0,54
23652687,20,17,85
23652688,22,13,58
23652689,17,21,127
23652690,7,6,87
23652691,19,14,73
23652692,20,13,66
23652693,18,14,79
23652694,0,0,0
23652695,8,7,92
23652696,7,5,67
23652697,11,8,73
23652698,17,13,78
23652699,8,9,115
23652700,19,16,83
23652701,22,22,100
23652702,0,0,68
23652703,7,7,94
23652704,0,0,0
23652705,7,10,135
23652706,21,15,71
23652707,66,126,190
23652708,61,105,172
23652709,7,7,102
23652710,0,0,0
23652711,0,0,80
23652712,25,39,158
23652713,6,6,98
23652714,0,0,0
23652715,0,0,0
23652716,0,0,93
23652717,0,0,84
23652718,0,0,43
23652719,0,0,59
23652720,11,11,98
23652721,0,0,160
23652722,5,5,94
23652723,0,0,125
23652724,0,0,31
23652725,0,0,0
23652726,0,0,94
23652727,9,7,82
23652728,0,0,0
23652729,0,0,93
23652730,10,5,50
23652731,28,15,54
23652732,0,0,51
23652733,0,0,66
23652734,0,0,46
23652735,0,0,0
23652736,37,52,141
23652737,7,12,180
23652738,0,0,86
23652739,0,0,111
23652740,23,19,84
23652741,0,0,93
23652742,0,0,42
23652743,0,0,32
23652744,0,0,38
23652745,0,0,50
23652746,0,0,41
23652747,0,0,39
23652748,0,0,40
23652749,0,0,41
23652750,0,0,43
23652751,0,0,41
23652752,0,0,59
23652753,0,0,41
23652754,0,0,53
23652755,19,10,53
23652756,0,0,48
23652757,9,5,56
23652758,0,0,37
23652759,0,0,41
23652760,11,5,47
23652761,0,0,51
23652762,0,0,48
23652763,0,0,41
23652764,0,0,48
23652765,0,0,45
23652766,0,0,42
23652767,0,0,45
23652768,0,0,47
23652769,0,0,43
23652770,0,0,47
23652771,0,0,37
23652772,0,0,53
23652773,0,0,43
23652774,0,0,53
23652775,0,0,49
23652776,0,0,45
23652777,0,0,45
23652778,0,0,43
23652779,0,0,42
23652780,0,0,51
23652781,0,0,49
23652782,14,7,49
23652783,0,0,45
23652784,0,0,38
23652785,0,0,60
23652786,0,0,41
23652787,0,0,60
23652788,0,0,53
23652789,0,0,49
23652790,0,0,59
23652791,0,0,50
23652792,0,0,80
23652793,0,0,61
23652794,0,0,47
23652795,0,0,51
23652796,0,0,53
23652797,0,0,56
23652798,16,10,64
23652799,10,6,60
23652800,0,0,79
23652801,0,0,75
23652802,0,0,78
23652803,65,91,140
23652804,11,8,76
23652805,0,0,60
23652806,0,0,49
23652807,7,5,69
23652808,0,0,52
23652809,0,0,70
23652810,0,0,62
23652811,0,0,46
23652812,0,0,46
23652813,0,0,45
23652814,0,0,51
23652815,0,0,49
23652816,0,0,49
23652817,0,0,46
23652818,0,0,42
23652819,0,0,52
23652820,11,6,57
23652821,25,15,60
23652822,14,8,58
23652823,17,10,59
23652824,9,6,64
23652825,9,5,55
23652826,10,5,50
23652827,0,0,56
23652828,0,0,43
23652829,0,0,45
23652830,0,0,48
23652831,0,0,60
23652832,0,0,40
23652833,0,0,52
23652834,9,5,54
23652835,0,0,61
23652836,0,0,55
23652837,14,9,63
23652838,0,0,60
23652839,0,0,51
23652840,0,0,84
23652841,0,0,63
23652842,0,0,64
23652843,0,0,79
23652844,0,0,69
23652845,0,0,52
23652846,0,0,65
23652847,10,5,52
23652848,0,0,55
23652849,19,16,86
23652850,13,8,64
23652851,10,6,58
23652852,9,6,64
23652853,10,6,60
23652854,8,5,61
23652855,0,0,42
23652856,0,0,53
23652857,0,0,45
23652858,0,0,48
23652859,9,5,55
23652860,15,8,55
23652861,26,16,61
23652862,0,0,59
23652863,0,0,59
23652864,12,19,160
23652865,17,17,98
23652866,0,0,151
23652867,0,0,71
23652868,0,0,65
23652869,0,0,70
23652870,0,0,69
23652871,46,59,127
23652872,47,59,126
23652873,16,11,68
23652874,55,72,130
23652875,15,10,68
23652876,47,74,159
23652877,40,50,125
23652878,67,164,243
23652879,43,76,175
23652880,27,35,131
23652881,60,119,198
23652882,59,135,228
23652883,38,98,260
23652884,24,68,278
23652885,62,136,220
23652886,80,192,239
23652887,74,176,237
23652888,52,94,181
23652889,39,59,150
23652890,33,36,108
23652891,0,0,68
23652892,11,7,66
23652893,0,0,59
23652894,0,0,66
23652895,72,176,243
23652896,0,0,65
23652897,9,7,79
23652898,0,0,67
23652899,0,0,53
23652900,0,0,53
23652901,11,7,61
23652902,8,6,72
23652903,25,20,79
23652904,0,0,59
23652905,0,0,49
23652906,0,0,48
23652907,0,0,51
23652908,0,0,57
23652909,0,0,54
23652910,12,8,67
23652911,0,0,53
23652912,0,0,56
23652913,0,0,52
23652914,0,0,61
23652915,9,5,54
23652916,9,5,58
23652917,0,0,77
23652918,0,0,74
23652919,0,0,61
23652920,15,9,59
23652921,0,0,74
23652922,0,0,68
23652923,0,0,67
23652924,7,5,71
23652925,14,8,59
23652926,22,19,87
23652927,66,158,241
23652928,0,0,130
23652929,6,5,86
23652930,0,0,91
23652931,10,6,59
23652932,0,0,60
23652933,0,0,48
23652934,0,0,48
23652935,0,0,70
23652936,0,0,50
23652937,0,0,41
23652938,0,0,57
23652939,0,0,50
23652940,0,0,46
23652941,0,0,49
23652942,0,0,48
23652943,15,8,55
23652944,0,0,48
23652945,0,0,67
23652946,0,0,47
23652947,10,5,51
23652948,34,34,100
23652949,24,24,99
23652950,0,0,66
23652951,0,0,47
23652952,0,0,43
23652953,0,0,54
23652954,0,0,50
23652955,0,0,44
23652956,0,0,44
23652957,0,0,49
23652958,0,0,65
23652959,0,0,51
23652960,8,5,66
23652961,0,0,62
23652962,0,0,47
23652963,9,6,69
23652964,80,199,248
23652965,79,226,287
23652966,72,200,276
23652967,16,15,94
23652968,0,0,58
23652969,0,0,64
23652970,14,11,79
23652971,0,0,73
23652972,0,0,60
23652973,0,0,50
23652974,20,15,76
23652975,14,11,80
23652976,17,12,71
23652977,9,5,55
23652978,8,5,62
23652979,0,0,64
23652980,0,0,54
23652981,0,0,67
23652982,31,26,85
23652983,0,0,82
23652984,0,0,53
23652985,72,160,223
23652986,30,30,101
23652987,75,183,243
23652988,70,144,205
23652989,11,8,73
23652990,0,0,100
23652991,0,0,63
23652992,0,0,135
23652993,53,97,184
23652994,0,0,60
23652995,0,0,53
23652996,14,8,59
23652997,0,0,59
23652998,0,0,47
23652999,0,0,62
23653000,0,0,48
23653001,0,0,49
23653002,0,0,43
23653003,0,0,52
23653004,0,0,55
23653005,0,0,48
23653006,71,106,150
23653007,95,189,200
23653008,67,110,165
23653009,60,82,137
23653010,79,139,175
23653011,71,130,183
23653012,61,71,116
23653013,53,70,132
23653014,66,77,117
23653015,39,67,174
23653016,53,59,112
23653017,47,50,106
23653018,42,51,121
23653019,41,45,110
23653020,45,45,99
23653021,43,43,99
23653022,57,60,106
23653023,60,64,106
23653024,69,83,120
23653025,72,123,170
23653026,80,151,188
23653027,0,0,100
23653028,0,0,110
23653029,0,0,135
23653030,9,15,164
23653031,0,0,66
23653032,0,0,47
23653033,0,0,58
23653034,0,0,54
23653035,0,0,59
23653036,0,0,59
23653037,0,0,75
23653038,0,0,51
23653039,0,0,58
23653040,0,0,52
23653041,0,0,56
23653042,0,0,58
23653043,8,6,75
23653044,0,0,61
23653045,45,56,124
23653046,0,0,57
23653047,0,0,63
23653048,0,0,51
23653049,0,0,64
23653050,0,0,60
23653051,11,10,93
23653052,0,0,75
23653053,0,0,60
23653054,4,5,123
23653055,0,0,114
23653056,0,0,82
23653057,0,0,117
23653058,0,0,57
23653059,7,5,76
23653060,0,0,54
23653061,0,0,63
23653062,0,0,78
23653063,0,0,52
23653064,0,0,48
23653065,0,0,58
23653066,0,0,54
23653067,0,0,71
23653068,0,0,37
23653069,0,0,50
23653070,0,0,45
23653071,0,0,58
23653072,0,0,51
23653073,0,0,51
23653074,0,0,47
23653075,0,0,47
23653076,0,0,46
23653077,23,14,62
23653078,12,6,49
23653079,26,25,97
23653080,7,5,68
23653081,18,13,73
23653082,0,0,56
23653083,0,0,53
23653084,0,0,59
23653085,0,0,75
23653086,0,0,53
23653087,0,0,58
23653088,0,0,80
23653089,6,6,103
23653090,0,0,74
23653091,11,10,88
23653092,9,7,82
23653093,0,0,61
23653094,0,0,66
23653095,0,0,61
23653096,0,0,57
23653097,0,0,52
23653098,0,0,51
23653099,0,0,63
23653100,8,5,60
23653101,0,0,62
23653102,0,0,57
23653103,0,0,51
23653104,0,0,42
23653105,0,0,33
23653106,0,0,41
23653107,0,0,61
23653108,8,5,62
23653109,0,0,57
23653110,0,0,63
23653111,0,0,48
23653112,0,0,71
23653113,0,0,69
23653114,0,0,67
23653115,0,0,47
23653116,0,0,54
23653117,0,0,59
23653118,0,0,53
23653119,0,0,67
23653120,59,113,193
23653121,0,0,154
23653122,0,0,71
23653123,0,0,70
23653124,0,0,86
23653125,0,0,132
23653126,5,6,123
23653127,0,0,99
23653128,63,154,245
23653129,0,0,77
23653130,0,0,94
23653131,8,8,99
23653132,9,9,100
23653133,0,0,96
23653134,0,0,73
23653135,0,0,73
23653136,0,0,80
23653137,0,0,105
23653138,4,5,119
23653139,0,0,134
23653140,23,48,212
23653141,28,30,109
23653142,31,37,121
23653143,71,163,228
23653144,82,205,251
23653145,80,210,263
23653146,35,45,127
23653147,0,0,93
23653148,18,19,106
23653149,0,0,57
23653150,6,6,100
23653151,22,24,108
23653152,0,0,57
23653153,0,0,64
23653154,0,0,49
23653155,0,0,51
23653156,0,0,64
23653157,18,13,72
23653158,64,94,146
23653159,9,6,64
23653160,0,0,64
23653161,0,0,47
23653162,0,0,61
23653163,0,0,57
23653164,0,0,52
23653165,0,0,57
23653166,8,5,59
23653167,0,0,51
23653168,0,0,58
23653169,0,0,53
23653170,0,0,49
23653171,0,0,72
23653172,0,0,52
23653173,7,5,74
23653174,9,6,68
23653175,0,0,49
23653176,0,0,53
23653177,7,5,68
23653178,0,0,52
23653179,0,0,58
23653180,0,0,61
23653181,0,0,60
23653182,0,0,54
23653183,0,0,64
23653184,6,8,126
23653185,13,20,155
23653186,9,5,58
23653187,0,0,61
23653188,10,7,73
23653189,0,0,66
23653190,0,0,71
23653191,0,0,68
23653192,0,0,69
23653193,6,5,84
23653194,0,0,70
23653195,0,0,70
23653196,0,0,78
23653197,0,0,77
23653198,0,0,54
23653199,11,6,57
23653200,13,10,76
23653201,16,10,61
23653202,13,7,55
23653203,0,0,60
23653204,0,0,41
23653205,0,0,55
23653206,0,0,59
23653207,0,0,51
23653208,0,0,50
23653209,0,0,59
23653210,9,6,65
23653211,6,5,78
23653212,0,0,45
23653213,0,0,46
23653214,0,0,90
23653215,14,8,59
23653216,0,0,44
23653217,0,0,61
23653218,0,0,49
23653219,0,0,52
23653220,0,0,63
23653221,0,0,45
23653222,0,0,59
23653223,10,7,68
23653224,15,10,66
23653225,13,8,60
23653226,11,7,64
23653227,12,8,68
23653228,0,0,59
23653229,0,0,51
23653230,0,0,50
23653231,0,0,52
23653232,0,0,56
23653233,0,0,48
23653234,0,0,52
23653235,0,0,59
23653236,9,5,58
23653237,23,15,64
23653238,8,6,74
23653239,0,0,62
23653240,22,16,74
23653241,0,0,71
23653242,0,0,63
23653243,0,0,65
23653244,0,0,50
23653245,0,0,46
23653246,0,0,62
23653247,0,0,53
23653248,0,0,94
23653249,0,0,87
23653250,64,131,205
23653251,53,85,159
23653252,0,0,53
23653253,0,0,39
23653254,0,0,45
23653255,0,0,64
23653256,85,234,274
23653257,8,7,92
23653258,0,0,61
23653259,0,0,27
23653260,22,10,46
23653261,13,7,56
23653262,12,7,59
23653263,18,11,61
23653264,0,0,47
23653265,0,0,0
23653266,0,0,105
23653267,7,5,69
23653268,0,0,50
23653269,10,8,77
23653270,0,0,69
23653271,0,0,48
23653272,30,25,84
23653273,49,78,159
23653274,0,0,46
23653275,0,0,57
23653276,0,0,72
23653277,0,0,44
23653278,73,128,175
23653279,62,87,141
23653280,0,0,61
23653281,0,0,63
23653282,0,0,57
23653283,0,0,54
23653284,0,0,55
23653285,0,0,60
23653286,0,0,51
23653287,0,0,64
23653288,0,0,45
23653289,0,0,31
23653290,0,0,56
23653291,0,0,39
23653292,23,16,70
23653293,21,12,56
23653294,24,30,123
23653295,21,22,104
23653296,0,0,51
23653297,0,0,51
23653298,0,0,56
23653299,0,0,63
23653300,0,0,56
23653301,0,0,65
23653302,0,0,63
23653303,0,0,52
23653304,0,0,53
23653305,0,0,43
23653306,0,0,47
23653307,0,0,57
23653308,0,0,57
23653309,14,7,50
23653310,11,8,74
23653311,0,0,65
23653312,0,0,121
23653313,16,15,94
23653314,0,0,52
23653315,0,0,51
23653316,63,78,124
23653317,0,0,57
23653318,0,0,38
23653319,0,0,51
23653320,0,0,41
23653321,0,0,61
23653322,0,0,46
23653323,0,0,50
23653324,0,0,47
23653325,0,0,44
23653326,0,0,43
23653327,0,0,49
23653328,0,0,41
23653329,0,0,50
23653330,0,0,43
23653331,0,0,32
23653332,0,0,45
23653333,0,0,48
23653334,0,0,70
23653335,0,0,61
23653336,0,0,62
23653337,0,0,59
23653338,0,0,53
23653339,0,0,48
23653340,0,0,63
23653341,67,108,161
23653342,50,62,125
23653343,9,5,55
23653344,9,5,56
23653345,11,6,56
23653346,75,165,221
23653347,69,147,212
23653348,78,188,240
23653349,50,62,124
23653350,31,38,121
23653351,25,20,79
23653352,19,17,91
23653353,74,142,191
23653354,67,146,217
23653355,24,21,88
23653356,15,13,89
23653357,0,0,65
23653358,7,7,94
23653359,0,0,69
23653360,0,0,76
23653361,20,19,97
23653362,12,12,102
23653363,11,10,91
23653364,0,0,34
23653365,0,0,52
23653366,0,0,82
23653367,7,5,76
23653368,0,0,80
23653369,0,0,63
23653370,0,0,97
23653371,0,0,65
23653372,0,0,60
23653373,0,0,49
23653374,0,0,49
23653375,15,6,40
23653376,0,0,75
23653377,0,0,100
23653378,5,5,101
23653379,9,10,108
23653380,0,0,102
23653381,0,0,94
23653382,0,0,124
23653383,12,10,86
23653384,0,0,76
23653385,0,0,92
23653386,26,28,109
23653387,65,110,168
23653388,74,173,235
23653389,21,18,85
23653390,6,5,85
23653391,0,0,63
23653392,9,8,85
23653393,54,74,138
23653394,65,136,210
23653395,77,167,217
23653396,75,173,232
23653397,78,155,200
23653398,83,210,254
23653399,84,222,263
23653400,70,144,206
23653401,78,233,298
23653402,73,145,198
23653403,80,176,221
23653404,79,213,269
23653405,31,34,110
23653406,42,55,132
23653407,53,90,171
23653408,7,6,91
23653409,61,119,196
23653410,0,0,51
23653411,28,17,61
23653412,11,7,63
23653413,10,7,71
23653414,15,6,40
23653415,14,5,37
23653416,0,0,39
23653417,21,21,101
23653418,0,0,55
23653419,18,12,65
23653420,0,0,58
23653421,0,0,64
23653422,11,5,46
23653423,0,0,49
23653424,0,0,53
23653425,45,50,111
23653426,0,0,38
23653427,0,0,65
23653428,0,0,45
23653429,92,272,295
23653430,94,280,297
23653431,92,332,359
23653432,92,292,317
23653433,93,321,346
23653434,95,360,379
23653435,20,28,141
23653436,0,0,94
23653437,0,0,105
23653438,61,133,219
23653439,73,176,240
23653440,0,0,122
23653441,80,198,246
23653442,79,178,225
23653443,7,5,68
23653444,21,19,91
23653445,6,5,83
23653446,7,7,99
23653447,0,0,79
23653448,15,13,87
23653449,13,9,69
23653450,0,0,54
23653451,9,5,56
23653452,0,0,43
23653453,0,0,56
23653454,0,0,50
23653455,0,0,45
23653456,0,0,54
23653457,0,0,50
23653458,0,0,48
23653459,0,0,57
23653460,0,0,59
23653461,77,80,104
23653462,86,179,207
23653463,88,200,227
23653464,69,103,150
23653465,63,80,126
23653466,73,87,120
23653467,0,0,107
23653468,6,5,89
23653469,31,36,115
23653470,12,8,66
23653471,0,0,51
23653472,10,6,63
23653473,0,0,57
23653474,27,22,81
23653475,21,16,78
23653476,0,0,67
23653477,9,5,56
23653478,10,5,51
23653479,0,0,49
23653480,0,0,63
23653481,0,0,55
23653482,0,0,47
23653483,0,0,55
23653484,0,0,48
23653485,0,0,50
23653486,0,0,68
23653487,9,5,53
23653488,0,0,50
23653489,0,0,52
23653490,73,204,278
23653491,9,7,74
23653492,0,0,48
23653493,0,0,52
23653494,0,0,47
23653495,9,6,65
23653496,49,60,123
23653497,8,5,65
23653498,0,0,61
23653499,0,0,48
23653500,0,0,50
23653501,11,5,47
23653502,0,0,40
23653503,0,0,45
23653504,0,0,86
23653505,5,5,108
23653506,10,12,117
23653507,0,0,326
23653508,6,6,107
23653509,67,178,267
23653510,76,194,254
23653511,58,116,199
23653512,83,203,244
23653513,0,0,0
23653514,0,0,125
23653515,28,35,127
23653516,0,0,74
23653517,6,6,108
23653518,0,0,115
23653519,12,16,134
23653520,25,28,110
23653521,39,26,66
23653522,6,5,89
23653523,6,7,119
23653524,0,0,92
23653525,10,9,89
23653526,17,18,106
23653527,44,49,111
23653528,29,30,104
23653529,44,57,131
23653530,17,19,111
23653531,0,0,54
23653532,5,5,100
23653533,15,17,117
23653534,17,17,100
23653535,10,11,114
23653536,0,0,0
23653537,0,0,115
23653538,29,27,94
23653539,19,17,90
23653540,6,5,85
23653541,0,0,0
23653542,0,0,93
23653543,8,6,79
23653544,20,17,85
23653545,22,19,86
23653546,22,20,90
23653547,8,6,76
23653548,0,0,84
23653549,0,0,68
23653550,0,0,57
23653551,8,8,96
23653552,0,0,0
23653553,6,7,110
23653554,0,0,68
23653555,0,0,59
23653556,10,6,62
23653557,0,0,52
23653558,60,52,87
23653559,0,0,55
23653560,0,0,13
23653561,6,6,106
23653562,19,12,63
23653563,0,0,39
23653564,0,0,0
23653565,0,0,95
23653566,0,0,57
23653567,0,0,57
23653568,0,0,183
23653569,0,0,45
23653570,0,0,26
23653571,0,0,24
23653572,0,0,29
23653573,0,0,31
23653574,0,0,45
23653575,0,0,29
23653576,0,0,27
23653577,0,0,39
23653578,0,0,42
23653579,0,0,29
23653580,0,0,31
23653581,0,0,27
23653582,0,0,26
23653583,0,0,34
23653584,0,0,28
23653585,0,0,27
23653586,0,0,33
23653587,0,0,32
23653588,0,0,39
23653589,0,0,22
23653590,0,0,21
23653591,0,0,39
23653592,0,0,38
23653593,13,6,45
23653594,0,0,42
23653595,0,0,49
23653596,0,0,40
23653597,0,0,38
23653598,0,0,35
23653599,0,0,37
23653600,0,0,44
23653601,0,0,28
23653602,11,7,65
23653603,0,0,65
23653604,0,0,55
23653605,0,0,46
23653606,0,0,47
23653607,0,0,52
23653608,0,0,53
23653609,17,7,41
23653610,0,0,36
23653611,11,5,46
23653612,13,5,40
23653613,49,51,105
23653614,8,5,65
23653615,8,5,60
23653616,8,5,64
23653617,0,0,39
23653618,0,0,52
23653619,0,0,48
23653620,0,0,45
23653621,0,0,47
23653622,0,0,41
23653623,0,0,38
23653624,13,6,46
23653625,9,5,57
23653626,0,0,61
23653627,0,0,44
23653628,12,5,42
23653629,0,0,40
23653630,0,0,46
23653631,0,0,48
23653632,0,0,171
23653633,4,5,142
23653634,0,0,70
23653635,0,0,71
23653636,0,0,91
23653637,0,0,100
23653638,0,0,39
23653639,26,17,66
23653640,0,0,53
23653641,0,0,43
23653642,0,0,58
23653643,0,0,46
23653644,0,0,51
23653645,0,0,48
23653646,0,0,42
23653647,0,0,52
23653648,0,0,49
23653649,0,0,57
23653650,0,0,43
23653651,11,6,56
23653652,0,0,64
23653653,0,0,58
23653654,0,0,53
23653655,0,0,58
23653656,0,0,48
23653657,0,0,60
23653658,0,0,47
23653659,0,0,49
23653660,0,0,53
23653661,0,0,53
23653662,0,0,51
23653663,0,0,40
23653664,0,0,59
23653665,0,0,61
23653666,0,0,46
23653667,0,0,53
23653668,0,0,44
23653669,0,0,42
23653670,0,0,48
23653671,0,0,56
23653672,0,0,45
23653673,0,0,56
23653674,9,6,67
23653675,14,10,73
23653676,17,11,66
23653677,8,5,63
23653678,0,0,72
23653679,0,0,58
23653680,0,0,79
23653681,0,0,74
23653682,0,0,69
23653683,0,0,48
23653684,0,0,42
23653685,11,6,53
23653686,0,0,55
23653687,0,0,46
23653688,0,0,61
23653689,0,0,53
23653690,0,0,58
23653691,0,0,49
23653692,0,0,66
23653693,14,7,51
23653694,0,0,44
23653695,0,0,53
23653696,6,7,123
23653697,0,0,42
23653698,0,0,41
23653699,0,0,45
23653700,0,0,47
23653701,0,0,42
23653702,0,0,43
23653703,0,0,47
23653704,0,0,49
23653705,0,0,53
23653706,0,0,51
23653707,0,0,51
23653708,0,0,47
23653709,10,5,48
23653710,0,0,55
23653711,0,0,46
23653712,11,8,72
23653713,34,26,77
23653714,59,79,133
23653715,58,70,120
23653716,0,0,44
23653717,0,0,42
23653718,0,0,51
23653719,0,0,49
23653720,0,0,54
23653721,0,0,49
23653722,0,0,27
23653723,0,0,48
23653724,0,0,35
23653725,0,0,36
23653726,0,0,35
23653727,0,0,38
23653728,23,16,70
23653729,16,8,50
23653730,19,10,53
23653731,23,14,60
23653732,10,5,49
23653733,15,8,55
23653734,0,0,47
23653735,0,0,55
23653736,0,0,55
23653737,0,0,43
23653738,0,0,46
23653739,0,0,67
23653740,0,0,43
23653741,0,0,51
23653742,0,0,41
23653743,0,0,39
23653744,0,0,44
23653745,0,0,40
23653746,14,6,44
23653747,0,0,38
23653748,26,13,50
23653749,0,0,40
23653750,0,0,55
23653751,0,0,50
23653752,0,0,33
23653753,0,0,50
23653754,0,0,44
23653755,0,0,37
23653756,0,0,38
23653757,13,6,48
23653758,13,8,60
23653759,19,10,53
23653760,88,313,354
23653761,91,302,332
23653762,93,328,351
23653763,95,345,362
23653764,67,155,230
23653765,29,44,152
23653766,0,0,122
23653767,8,11,139
23653768,6,7,118
23653769,0,0,72
23653770,0,0,84
23653771,29,52,180
23653772,8,22,282
23653773,71,143,201
23653774,14,12,87
23653775,0,0,50
23653776,0,0,41
23653777,18,12,65
23653778,0,0,54
23653779,0,0,57
23653780,0,0,54
23653781,0,0,79
23653782,0,0,47
23653783,0,0,48
23653784,0,0,59
23653785,0,0,68
23653786,10,5,52
23653787,0,0,51
23653788,86,272,317
23653789,72,168,234
23653790,25,27,109
23653791,0,0,83
23653792,0,0,67
23653793,0,0,75
23653794,0,0,63
23653795,0,0,69
23653796,0,0,71
23653797,0,0,73
23653798,0,0,98
23653799,0,0,42
23653800,0,0,57
23653801,0,0,78
23653802,0,0,77
23653803,0,0,67
23653804,0,0,55
23653805,0,0,63
23653806,0,0,58
23653807,81,126,155
23653808,68,123,181
23653809,0,0,82
23653810,22,25,116
23653811,36,28,78
23653812,35,32,91
23653813,0,0,54
23653814,0,0,50
23653815,0,0,71
23653816,0,0,54
23653817,0,0,52
23653818,0,0,77
23653819,0,0,54
23653820,45,43,95
23653821,89,294,329
23653822,84,257,306
23653823,91,306,335
23653824,85,303,355
23653825,88,279,316
23653826,86,264,307
23653827,94,373,396
23653828,47,63,135
23653829,83,200,240
23653830,10,13,136
23653831,59,132,222
23653832,58,133,228
23653833,71,160,224
23653834,28,35,126
23653835,36,60,166
23653836,0,0,77
23653837,0,0,82
23653838,0,0,0
23653839,7,8,123
23653840,0,0,61
23653841,0,0,75
23653842,0,0,87
23653843,9,9,99
23653844,16,20,129
23653845,0,0,58
23653846,5,5,100
23653847,0,0,48
23653848,0,0,44
23653849,0,0,35
23653850,0,0,58
23653851,12,6,52
23653852,0,0,53
23653853,0,0,47
23653854,0,0,52
23653855,0,0,67
23653856,0,0,57
23653857,52,77,148
23653858,0,0,56
23653859,0,0,55
23653860,0,0,45
23653861,0,0,43
23653862,0,0,68
23653863,0,0,55
23653864,0,0,56
23653865,0,0,44
23653866,0,0,51
23653867,0,0,65
23653868,9,5,55
23653869,0,0,57
23653870,0,0,66
23653871,0,0,61
23653872,0,0,62
23653873,0,0,47
23653874,0,0,54
23653875,0,0,46
23653876,0,0,44
23653877,0,0,56
23653878,0,0,49
23653879,0,0,62
23653880,0,0,47
23653881,0,0,37
23653882,0,0,49
23653883,0,0,55
23653884,0,0,60
23653885,0,0,64
23653886,8,5,59
23653887,0,0,48
23653888,10,12,116
23653889,0,0,74
23653890,0,0,90
23653891,0,0,48
23653892,0,0,40
23653893,0,0,57
23653894,0,0,48
23653895,0,0,50
23653896,0,0,57
23653897,0,0,54
23653898,0,0,55
23653899,0,0,44
23653900,0,0,40
23653901,0,0,51
23653902,0,0,39
23653903,0,0,45
23653904,0,0,48
23653905,0,0,48
23653906,0,0,45
23653907,0,0,53
23653908,8,5,59
23653909,0,0,56
23653910,8,5,62
23653911,0,0,65
23653912,0,0,69
23653913,7,5,67
23653914,0,0,79
23653915,0,0,82
23653916,11,7,64
23653917,12,9,75
23653918,17,11,65
23653919,14,8,56
23653920,12,7,60
23653921,10,9,88
23653922,0,0,47
23653923,0,0,64
23653924,15,14,93
23653925,0,0,77
23653926,0,0,65
23653927,0,0,69
23653928,0,0,61
23653929,0,0,42
23653930,0,0,51
23653931,0,0,70
23653932,0,0,57
23653933,10,9,87
23653934,0,0,61
23653935,53,70,132
23653936,62,107,173
23653937,35,36,104
23653938,0,0,56
23653939,0,0,60
23653940,0,0,57
23653941,0,0,41
23653942,0,0,58
23653943,0,0,60
23653944,0,0,59
23653945,0,0,69
23653946,11,6,53
23653947,9,10,111
23653948,0,0,233
23653949,4,8,210
23653950,0,0,92
23653951,0,0,135
23653952,0,0,155
23653953,0,0,191
23653954,0,0,67
23653955,0,0,87
23653956,0,0,75
23653957,0,0,73
23653958,0,0,67
23653959,0,0,59
23653960,0,0,70
23653961,0,0,61
23653962,0,0,76
23653963,0,0,73
23653964,0,0,69
23653965,0,0,108
23653966,0,0,82
23653967,0,0,69
23653968,0,0,80
23653969,0,0,71
23653970,0,0,60
23653971,0,0,74
23653972,0,0,78
23653973,13,11,83
23653974,0,0,82
23653975,0,0,90
23653976,7,7,104
23653977,7,6,87
23653978,0,0,82
23653979,11,10,90
23653980,0,0,59
23653981,0,0,57
23653982,0,0,48
23653983,0,0,57
23653984,0,0,45
23653985,69,190,274
23653986,67,165,245
23653987,80,209,261
23653988,72,185,257
23653989,54,93,171
23653990,0,0,63
23653991,0,0,46
23653992,0,0,48
23653993,9,6,67
23653994,23,13,56
23653995,14,9,63
23653996,69,143,206
23653997,59,108,182
23653998,61,119,194
23653999,7,7,105
23654000,49,65,134
23654001,43,53,123
23654002,0,0,57
23654003,6,5,77
23654004,0,0,59
23654005,0,0,43
23654006,0,0,54
23654007,0,0,64
23654008,0,0,66
23654009,8,5,61
23654010,0,0,52
23654011,0,0,55
23654012,0,0,51
23654013,0,0,64
23654014,0,0,53
23654015,0,0,66
23654016,0,0,117
23654017,0,0,97
23654018,0,0,48
23654019,0,0,45
23654020,0,0,49
23654021,0,0,42
23654022,0,0,42
23654023,0,0,38
23654024,0,0,44
23654025,0,0,52
23654026,0,0,56
23654027,0,0,48
23654028,0,0,50
23654029,0,0,54
23654030,0,0,45
23654031,0,0,56
23654032,0,0,47
23654033,0,0,46
23654034,0,0,59
23654035,0,0,51
23654036,0,0,45
23654037,0,0,49
23654038,75,208,277
23654039,78,204,260
23654040,67,122,183
23654041,70,164,233
23654042,41,62,153
23654043,0,0,44
23654044,0,0,47
23654045,0,0,46
23654046,0,0,44
23654047,0,0,29
23654048,0,0,51
23654049,0,0,54
23654050,10,6,58
23654051,0,0,54
23654052,0,0,29
23654053,0,0,47
23654054,0,0,69
23654055,0,0,45
23654056,0,0,42
23654057,0,0,38
23654058,0,0,39
23654059,0,0,50
23654060,0,0,36
23654061,0,0,45
23654062,0,0,47
23654063,0,0,44
23654064,0,0,45
23654065,0,0,47
23654066,0,0,44
23654067,0,0,42
23654068,0,0,36
23654069,0,0,48
23654070,11,6,53
23654071,0,0,55
23654072,22,13,59
23654073,12,9,78
23654074,12,7,58
23654075,0,0,57
23654076,13,6,45
23654077,0,0,49
23654078,11,6,53
23654079,54,50,92
23654080,4,5,113
23654081,0,0,74
23654082,6,6,98
23654083,34,54,158
23654084,18,18,101
23654085,0,0,82
23654086,0,0,70
23654087,0,0,75
23654088,0,0,94
23654089,0,0,68
23654090,0,0,63
23654091,0,0,78
23654092,0,0,71
23654093,0,0,65
23654094,0,0,81
23654095,0,0,78
23654096,21,15,70
23654097,29,33,113
23654098,14,13,95
23654099,60,101,168
23654100,71,146,206
23654101,25,42,165
23654102,11,10,91
23654103,12,8,65
23654104,0,0,51
23654105,0,0,68
23654106,0,0,57
23654107,0,0,39
23654108,0,0,62
23654109,0,0,49
23654110,0,0,36
23654111,0,0,51
23654112,0,0,58
23654113,0,0,68
23654114,0,0,41
23654115,0,0,64
23654116,0,0,49
23654117,0,0,58
23654118,0,0,47
23654119,0,0,57
23654120,0,0,49
23654121,0,0,44
23654122,53,58,110
23654123,0,0,58
23654124,8,5,59
23654125,0,0,55
23654126,0,0,44
23654127,10,5,48
23654128,0,0,47
23654129,0,0,48
23654130,0,0,43
23654131,0,0,44
23654132,0,0,52
23654133,11,5,46
23654134,8,5,61
23654135,8,5,64
23654136,0,0,52
23654137,0,0,60
23654138,0,0,63
23654139,0,0,56
23654140,0,0,36
23654141,0,0,70
23654142,0,0,53
23654143,0,0,45
23654144,0,0,118
23654145,0,0,154
23654146,11,14,127
23654147,15,16,104
23654148,36,42,117
23654149,7,15,226
23654150,7,5,73
23654151,0,0,105
23654152,12,8,67
23654153,15,14,93
23654154,0,0,0
23654155,20,28,139
23654156,28,29,104
23654157,29,84,289
23654158,70,217,309
23654159,0,0,0
23654160,39,65,166
23654161,0,0,0
23654162,0,0,97
23654163,0,0,0
23654164,7,6,82
23654165,0,0,99
23654166,25,16,63
23654167,0,0,71
23654168,17,13,75
23654169,0,0,0
23654170,0,0,92
23654171,0,0,65
23654172,0,0,60
23654173,0,0,0
23654174,0,0,0
23654175,7,5,69
23654176,0,0,93
23654177,68,100,147
23654178,0,0,0
23654179,0,0,74
23654180,0,0,79
23654181,0,0,0
23654182,0,0,80
23654183,0,0,47
23654184,0,0,0
23654185,18,25,137
23654186,79,190,239
23654187,10,6,62
23654188,11,7,62
23654189,8,6,77
23654190,0,0,0
23654191,15,18,121
23654192,7,5,69
23654193,0,0,0
23654194,9,10,106
23654195,0,0,75
23654196,11,10,92
23654197,0,0,95
23654198,22,20,90
23654199,0,0,70
23654200,4,5,121
23654201,5,6,122
23654202,0,0,109
23654203,0,0,0
23654204,14,20,144
23654205,7,5,72
23654206,16,9,58
23654207,0,0,67
23654208,13,25,194
23654209,16,35,217
23654210,4,6,148
23654211,0,0,52
23654212,0,0,44
23654213,0,0,50
23654214,0,0,51
23654215,0,0,49
23654216,0,0,44
23654217,0,0,32
23654218,0,0,37
23654219,0,0,44
23654220,14,8,57
23654221,0,0,43
23654222,0,0,44
23654223,0,0,51
23654224,0,0,76
23654225,0,0,54
23654226,0,0,39
23654227,0,0,33
23654228,0,0,54
23654229,0,0,54
23654230,0,0,51
23654231,0,0,52
23654232,0,0,44
23654233,0,0,45
23654234,0,0,55
23654235,0,0,48
23654236,0,0,43
23654237,0,0,48
23654238,0,0,44
23654239,0,0,44
23654240,0,0,60
23654241,0,0,48
23654242,0,0,55
23654243,0,0,48
23654244,0,0,69
23654245,0,0,43
23654246,0,0,36
23654247,0,0,49
23654248,0,0,40
23654249,0,0,48
23654250,0,0,53
23654251,0,0,47
23654252,0,0,37
23654253,0,0,47
23654254,0,0,51
23654255,0,0,32
23654256,0,0,39
23654257,0,0,47
23654258,0,0,46
23654259,0,0,50
23654260,0,0,49
23654261,0,0,56
23654262,0,0,52
23654263,16,7,43
23654264,0,0,64
23654265,13,6,45
23654266,0,0,51
23654267,0,0,47
23654268,0,0,49
23654269,0,0,55
23654270,23,12,53
23654271,0,0,44
23654272,8,9,112
23654273,0,0,61
23654274,0,0,42
23654275,13,6,48
23654276,0,0,58
23654277,0,0,37
23654278,9,5,56
23654279,20,8,40
23654280,0,0,36
23654281,0,0,54
23654282,0,0,51
23654283,0,0,55
23654284,0,0,41
23654285,13,7,52
23654286,9,5,54
23654287,9,5,55
23654288,0,0,45
23654289,10,5,52
23654290,29,12,42
23654291,0,0,50
23654292,0,0,49
23654293,0,0,48
23654294,22,13,60
23654295,0,0,61
23654296,22,11,49
23654297,0,0,44
23654298,0,0,44
23654299,0,0,58
23654300,0,0,56
23654301,45,46,102
23654302,0,0,59
23654303,24,11,46
23654304,11,6,53
23654305,0,0,40
23654306,11,5,46
23654307,10,5,51
23654308,13,6,47
23654309,16,7,44
23654310,0,0,54
23654311,0,0,53
23654312,18,11,62
23654313,0,0,49
23654314,0,0,51
23654315,0,0,44
23654316,14,7,51
23654317,0,0,62
23654318,0,0,38
23654319,12,6,49
23654320,13,6,46
23654321,12,6,50
23654322,10,6,61
23654323,10,5,48
23654324,0,0,46
23654325,0,0,53
23654326,10,5,52
23654327,14,7,50
23654328,15,8,54
23654329,14,5,37
23654330,12,6,52
23654331,0,0,41
23654332,0,0,67
23654333,0,0,47
23654334,0,0,46
23654335,0,0,35
23654336,45,96,213
23654337,30,68,227
23654338,0,0,153
23654339,0,0,38
23654340,0,0,51
23654341,0,0,60
23654342,0,0,48
23654343,0,0,31
23654344,0,0,51
23654345,0,0,51
23654346,0,0,44
23654347,0,0,45
23654348,0,0,56
23654349,0,0,41
23654350,0,0,50
23654351,0,0,44
23654352,0,0,65
23654353,0,0,46
23654354,0,0,54
23654355,0,0,46
23654356,0,0,48
23654357,0,0,41
23654358,0,0,41
23654359,0,0,40
23654360,0,0,59
23654361,16,8,49
23654362,0,0,42
23654363,0,0,46
23654364,0,0,50
23654365,11,5,47
23654366,0,0,41
23654367,0,0,44
23654368,18,11,60
23654369,0,0,43
23654370,0,0,50
23654371,75,206,276
23654372,0,0,52
23654373,0,0,42
23654374,0,0,44
23654375,0,0,55
23654376,14,9,63
23654377,0,0,58
23654378,0,0,44
23654379,0,0,47
23654380,18,14,77
23654381,0,0,43
23654382,0,0,44
23654383,0,0,51
23654384,0,0,36
23654385,0,0,58
23654386,0,0,47
23654387,0,0,51
23654388,0,0,31
23654389,0,0,45
23654390,11,5,44
23654391,0,0,48
23654392,11,5,44
23654393,0,0,32
23654394,0,0,51
23654395,0,0,49
23654396,0,0,48
23654397,10,5,49
23654398,0,0,48
23654399,11,6,56
23654400,13,14,105
23654401,0,0,77
23654402,29,30,104
23654403,9,7,78
23654404,0,0,53
23654405,0,0,55
23654406,0,0,59
23654407,0,0,50
23654408,0,0,55
23654409,11,7,66
23654410,0,0,57
23654411,0,0,46
23654412,0,0,46
23654413,0,0,42
23654414,6,5,77
23654415,13,7,52
23654416,10,6,61
23654417,0,0,63
23654418,0,0,60
23654419,0,0,54
23654420,14,7,50
23654421,0,0,46
23654422,0,0,50
23654423,45,49,110
23654424,9,6,69
23654425,9,6,64
23654426,0,0,45
23654427,0,0,117
23654428,11,7,62
23654429,0,0,49
23654430,0,0,56
23654431,12,6,50
23654432,0,0,43
23654433,11,6,54
23654434,9,5,55
23654435,10,6,60
23654436,10,5,50
23654437,13,6,47
23654438,0,0,55
23654439,10,5,50
23654440,11,5,45
23654441,11,5,44
23654442,0,0,57
23654443,21,13,63
23654444,18,10,55
23654445,9,5,57
23654446,10,5,51
23654447,0,0,43
23654448,0,0,56
23654449,0,0,51
23654450,12,6,52
23654451,0,0,52
23654452,9,6,64
23654453,13,11,83
23654454,0,0,61
23654455,0,0,62
23654456,9,6,70
23654457,0,0,48
23654458,7,5,74
23654459,9,5,56
23654460,10,5,48
23654461,0,0,64
23654462,9,6,64
23654463,0,0,68
23654464,8,10,120
23654465,0,0,111
23654466,0,0,56
23654467,6,7,119
23654468,16,19,117
23654469,0,0,88
23654470,6,11,172
23654471,0,0,129
23654472,0,0,83
23654473,4,5,123
23654474,0,0,101
23654475,0,0,95
23654476,0,0,108
23654477,0,0,77
23654478,10,12,117
23654479,0,0,96
23654480,0,0,113
23654481,12,13,110
23654482,0,0,110
23654483,0,0,107
23654484,4,5,122
23654485,0,0,147
23654486,19,21,111
23654487,24,34,140
23654488,24,28,118
23654489,0,0,111
23654490,7,5,68
23654491,4,5,114
23654492,0,0,67
23654493,6,5,80
23654494,0,0,112
23654495,7,5,74
23654496,8,8,105
23654497,10,8,84
23654498,13,17,129
23654499,8,9,107
23654500,10,10,103
23654501,0,0,95
23654502,11,12,113
23654503,21,21,102
23654504,9,8,90
23654505,15,19,130
23654506,8,10,123
23654507,0,0,79
23654508,15,16,104
23654509,0,0,91
23654510,5,5,99
23654511,10,6,60
23654512,0,0,126
23654513,0,0,149
23654514,0,0,112
23654515,10,8,78
23654516,8,7,93
23654517,9,8,90
23654518,0,0,111
23654519,0,0,91
23654520,9,10,114
23654521,15,14,95
23654522,10,10,103
23654523,0,0,68
23654524,9,12,130
23654525,7,8,109
23654526,11,9,85
23654527,12,10,82
23654528,24,23,96
23654529,7,12,184
23654530,6,7,112
23654531,0,0,109
23654532,0,0,82
23654533,0,0,125
23654534,7,9,121
23654535,6,7,122
23654536,0,0,75
23654537,6,7,110
23654538,7,9,134
23654539,9,12,129
23654540,4,6,156
23654541,0,0,117
23654542,8,8,100
23654543,0,0,91
23654544,8,10,120
23654545,11,10,93
23654546,0,0,96
23654547,7,8,107
23654548,0,0,93
23654549,6,6,97
23654550,6,5,81
23654551,7,7,98
23654552,0,0,87
23654553,0,0,93
23654554,10,9,91
23654555,12,10,81
23654556,0,0,100
23654557,9,8,87
23654558,5,5,98
23654559,17,16,94
23654560,10,9,94
23654561,0,0,121
23654562,0,0,90
23654563,0,0,89
23654564,6,6,102
23654565,0,0,90
23654566,8,6,71
23654567,8,9,106
23654568,5,5,100
23654569,0,0,114
23654570,0,0,91
23654571,0,0,89
23654572,0,0,94
23654573,0,0,122
23654574,0,0,89
23654575,7,8,111
23654576,0,0,97
23654577,0,0,100
23654578,11,6,55
23654579,15,18,121
23654580,0,0,100
23654581,0,0,123
23654582,0,0,130
23654583,0,0,102
23654584,0,0,101
23654585,0,0,98
23654586,6,6,97
23654587,18,13,73
23654588,11,13,116
23654589,9,8,89
23654590,0,0,105
23654591,0,0,84
23654592,0,0,96
23654593,28,31,110
23654594,16,13,83
23654595,62,93,151
23654596,60,79,131
23654597,45,60,132
23654598,6,5,89
23654599,33,40,123
23654600,48,78,163
23654601,66,111,167
23654602,59,84,142
23654603,70,104,148
23654604,64,118,184
23654605,59,70,119
23654606,39,54,139
23654607,28,29,103
23654608,25,25,99
23654609,8,5,60
23654610,6,5,80
23654611,5,8,147
23654612,0,0,71
23654613,7,5,69
23654614,13,13,98
23654615,8,5,62
23654616,27,24,90
23654617,57,64,112
23654618,17,16,95
23654619,12,15,123
23654620,26,21,81
23654621,22,20,91
23654622,35,19,55
23654623,33,38,114
23654624,14,11,81
23654625,22,30,137
23654626,8,5,66
23654627,0,0,50
23654628,22,12,55
23654629,0,0,40
23654630,10,6,63
23654631,11,5,47
23654632,25,17,67
23654633,28,18,64
23654634,17,11,63
23654635,8,5,62
23654636,0,0,63
23654637,7,5,68
23654638,8,5,62
23654639,15,6,40
23654640,23,14,60
23654641,9,5,56
23654642,7,5,71
23654643,0,0,55
23654644,12,7,60
23654645,8,5,60
23654646,21,12,57
23654647,17,13,76
23654648,14,6,44
23654649,8,6,71
23654650,14,10,69
23654651,10,5,48
23654652,15,10,68
23654653,12,6,52
23654654,0,0,53
23654655,9,5,55
23654656,58,125,217
23654657,11,19,172
23654658,51,109,214
23654659,0,0,94
23654660,34,35,104
23654661,77,213,276
23654662,0,0,247
23654663,0,0,158
23654664,0,0,74
23654665,0,0,74
23654666,0,0,84
23654667,0,0,70
23654668,5,5,93
23654669,0,0,78
23654670,0,0,86
23654671,0,0,83
23654672,0,0,86
23654673,6,5,84
23654674,0,0,99
23654675,0,0,90
23654676,7,6,87
23654677,11,8,75
23654678,0,0,80
23654679,6,5,78
23654680,7,5,72
23654681,0,0,75
23654682,6,5,82
23654683,13,12,92
23654684,0,0,81
23654685,0,0,70
23654686,0,0,76
23654687,8,6,79
23654688,0,0,87
23654689,6,5,89
23654690,0,0,70
23654691,0,0,97
23654692,0,0,73
23654693,0,0,88
23654694,0,0,71
23654695,0,0,89
23654696,26,44,171
23654697,15,15,102
23654698,71,163,228
23654699,80,227,285
23654700,54,95,175
23654701,0,0,103
23654702,0,0,80
23654703,15,20,133
23654704,7,5,74
23654705,54,120,222
23654706,19,23,122
23654707,0,0,93
23654708,0,0,79
23654709,0,0,78
23654710,0,0,54
23654711,0,0,52
23654712,0,0,47
23654713,0,0,56
23654714,0,0,56
23654715,0,0,60
23654716,10,6,63
23654717,8,6,72
23654718,11,8,75
23654719,12,12,98
23654720,8,10,126
23654721,0,0,94
23654722,11,16,150
23654723,47,75,160
23654724,53,61,115
23654725,57,92,161
23654726,67,152,228
23654727,34,50,147
23654728,39,61,155
23654729,58,76,132
23654730,63,115,182
23654731,32,33,103
23654732,55,91,165
23654733,37,45,123
23654734,0,0,68
23654735,0,0,77
23654736,0,0,71
23654737,0,0,84
23654738,53,85,160
23654739,36,49,135
23654740,9,8,89
23654741,9,7,77
23654742,0,0,84
23654743,0,0,46
23654744,0,0,67
23654745,0,0,64
23654746,0,0,63
23654747,0,0,84
23654748,9,5,58
23654749,13,10,75
23654750,0,0,56
23654751,0,0,72
23654752,0,0,67
23654753,0,0,54
23654754,0,0,34
23654755,0,0,63
23654756,0,0,68
23654757,0,0,53
23654758,14,9,63
23654759,0,0,51
23654760,0,0,52
23654761,7,5,71
23654762,14,11,76
23654763,14,11,78
23654764,14,10,71
23654765,12,8,69
23654766,0,0,66
23654767,0,0,84
23654768,0,0,52
23654769,0,0,63
23654770,68,126,186
23654771,0,0,62
23654772,0,0,62
23654773,0,0,69
23654774,0,0,66
23654775,21,15,70
23654776,7,5,72
23654777,82,239,291
23654778,9,9,97
23654779,10,6,59
23654780,62,143,231
23654781,63,127,201
23654782,0,0,63
23654783,11,6,57
23654784,7,8,119
23654785,0,0,132
23654786,0,0,102
23654787,13,9,67
23654788,0,0,64
23654789,0,0,74
23654790,0,0,64
23654791,8,5,66
23654792,11,8,75
23654793,7,5,71
23654794,7,5,67
23654795,11,10,87
23654796,7,5,74
23654797,0,0,67
23654798,13,9,71
23654799,7,5,72
23654800,0,0,54
23654801,0,0,68
23654802,0,0,61
23654803,0,0,50
23654804,0,0,48
23654805,0,0,60
23654806,13,7,55
23654807,0,0,47
23654808,48,68,141
23654809,44,59,134
23654810,61,115,188
23654811,72,164,227
23654812,85,214,252
23654813,62,121,195
23654814,17,12,72
23654815,0,0,51
23654816,0,0,55
23654817,13,5,39
23654818,0,0,45
23654819,0,0,87
23654820,0,0,61